Student_ID,Department,Academic_Performance,Coding_Score,Project_Score,Certifications,Internships,Communication_Score,Placement_Status,Offer_Count,Salary,Placed
STU1001,ECE,51.01,49.2,55.17,0.0,1.0,69.36,Not Placed,0,0.0,0
STU1002,AIDS,98.0,73.15,83.74,4.0,1.0,78.0,Placed,2,8.6,1
STU1003,IT,62.1,71.92,64.76,2.0,1.0,73.8,Not Placed,0,0.0,0
STU1004,MECH,59.55,55.31,45.51,1.0,0.0,59.53,Not Placed,0,0.0,0
STU1005,CSE,86.23,81.43,75.22,2.0,0.0,77.79,Not Placed,0,0.0,0
STU1006,CSE,98.0,68.43,84.6,4.0,3.0,73.37,Placed,1,6.58,1
STU1007,CSE,89.84,86.91,79.48,2.0,1.0,89.69,Placed,5,7.82,1
STU1008,IT,81.64,62.41,68.45,3.0,1.0,87.02,Placed,1,3.96,1
STU1009,MECH,81.95,80.4,84.71,3.0,3.0,65.11,Placed,3,6.33,1
STU1010,CIVIL,84.53,82.3,72.7,8.0,1.0,93.59,Placed,3,7.4,1
STU1011,CSE,83.59,68.65,60.94,5.0,0.0,100.0,Not Placed,0,0.0,0
STU1012,AIDS,78.81,79.29,74.05,3.0,0.0,80.0,Not Placed,0,0.0,0
STU1013,IT,77.04,75.27,69.44,3.0,2.0,73.19,Not Placed,0,0.0,0
STU1014,CSE,75.37,66.53,61.94,2.0,0.0,100.0,Placed,1,6.25,1
STU1015,CSE,68.46,58.72,63.11,3.0,0.0,64.09,Placed,1,3.32,1
STU1016,CSE,73.19,51.31,67.51,1.0,1.0,77.8,Placed,1,3.59,1
STU1017,ECE,59.07,68.08,64.43,1.0,0.0,74.29,Not Placed,0,0.0,0
STU1018,MECH,75.02,56.11,68.35,2.0,4.0,90.36,Placed,1,4.39,1
STU1019,EEE,66.11,68.7,81.69,1.0,0.0,78.38,Placed,2,4.84,1
STU1020,ECE,64.96,64.6,62.6,0.0,0.0,70.25,Placed,1,2.82,1
STU1021,MECH,77.8,79.8,77.39,5.0,2.0,70.67,Placed,1,4.84,1
STU1022,CSE,89.92,75.44,73.8,5.0,1.0,80.4,Placed,5,6.38,1
STU1023,ECE,85.18,73.04,68.61,2.0,2.0,72.75,Placed,1,6.14,1
STU1024,ECE,60.29,72.45,61.78,1.0,1.0,73.53,Placed,1,3.31,1
STU1025,EEE,66.1,71.1,64.19,0.0,0.0,70.06,Placed,1,3.53,1
STU1026,IT,85.41,79.6,80.63,1.0,2.0,68.45,Placed,2,5.91,1
STU1027,CSE,66.18,72.47,87.32,1.0,0.0,86.46,Placed,1,7.15,1
STU1028,EEE,73.75,55.83,59.63,1.0,2.0,73.33,Placed,2,2.2,1
STU1029,MECH,81.5,82.24,73.98,2.0,0.0,69.11,Placed,2,6.0,1
STU1030,CSE,66.32,73.97,68.59,4.0,0.0,73.7,Placed,2,5.71,1
STU1031,MECH,77.05,62.51,72.01,3.0,0.0,79.58,Placed,1,4.08,1
STU1032,CSE,62.66,63.76,66.35,3.0,0.0,58.21,Placed,3,3.72,1
STU1033,CSE,69.99,69.1,78.95,5.0,0.0,79.48,Placed,1,5.78,1
STU1034,AIDS,79.2,72.29,53.61,3.0,0.0,70.29,Placed,1,4.46,1
STU1035,AIDS,60.07,68.37,45.86,2.0,1.0,88.42,Placed,1,5.75,1
STU1036,IT,80.4,88.5,75.15,3.0,1.0,84.86,Placed,2,6.52,1
STU1037,ECE,75.8,82.93,84.33,1.0,1.0,74.93,Placed,4,6.87,1
STU1038,CSE,81.52,61.56,57.56,4.0,1.0,73.83,Placed,1,5.01,1
STU1039,CIVIL,78.24,79.43,51.12,1.0,3.0,78.44,Placed,1,5.88,1
STU1040,EEE,89.64,91.63,88.01,6.0,2.0,88.89,Placed,2,7.01,1
STU1041,CSE,77.25,76.63,75.81,2.0,3.0,78.81,Placed,4,6.24,1
STU1042,EEE,71.71,81.18,64.79,3.0,3.0,75.14,Placed,3,5.75,1
STU1043,CSE,77.22,92.87,71.65,0.0,3.0,79.55,Placed,5,5.67,1
STU1044,AIDS,81.43,84.88,70.45,1.0,1.0,75.07,Placed,1,6.64,1
STU1045,ECE,76.49,74.91,73.87,3.0,0.0,75.68,Not Placed,0,0.0,0
STU1046,CIVIL,76.41,82.83,70.72,4.0,0.0,59.97,Placed,1,3.46,1
STU1047,ECE,68.98,70.49,72.77,1.0,1.0,84.91,Placed,3,6.42,1
STU1048,MECH,69.37,69.46,45.75,0.0,2.0,78.97,Not Placed,0,0.0,0
STU1049,MECH,61.97,62.37,72.0,1.0,0.0,66.73,Placed,1,2.2,1
STU1050,CSE,93.5,95.71,77.21,3.0,4.0,100.0,Placed,4,7.72,1
STU1051,AIDS,63.56,58.42,60.64,0.0,1.0,75.03,Placed,1,4.68,1
STU1052,IT,69.07,84.41,69.41,1.0,3.0,66.85,Not Placed,0,0.0,0
STU1053,AIDS,68.82,73.97,76.36,2.0,1.0,83.8,Placed,3,4.27,1
STU1054,AIDS,84.95,62.23,72.0,2.0,0.0,85.31,Placed,1,4.78,1
STU1055,MECH,73.05,74.55,72.02,1.0,0.0,81.12,Placed,4,5.36,1
STU1056,AIDS,88.48,56.81,75.32,1.0,1.0,79.14,Placed,1,5.14,1
STU1057,CSE,69.27,75.42,85.49,1.0,0.0,80.3,Not Placed,0,0.0,0
STU1058,CSE,78.79,82.31,72.53,3.0,0.0,77.22,Placed,2,5.35,1
STU1059,CSE,67.65,62.52,68.15,1.0,1.0,80.68,Placed,2,4.0,1
STU1060,ECE,97.45,83.09,68.76,0.0,1.0,68.96,Placed,3,4.08,1
STU1061,ECE,64.12,86.4,53.55,0.0,1.0,70.54,Placed,2,4.59,1
STU1062,ECE,79.1,68.54,78.43,3.0,0.0,95.18,Placed,1,6.48,1
STU1063,IT,82.34,64.46,71.34,5.0,0.0,73.91,Placed,1,4.65,1
STU1064,ECE,80.14,88.88,88.58,7.0,3.0,74.61,Placed,5,7.22,1
STU1065,ECE,74.15,90.99,66.81,2.0,1.0,73.92,Placed,2,7.43,1
STU1066,MECH,74.7,71.65,75.38,4.0,0.0,67.21,Placed,1,5.05,1
STU1067,CSE,76.44,82.51,90.58,2.0,1.0,58.88,Placed,2,6.45,1
STU1068,IT,74.53,84.95,79.18,1.0,0.0,76.01,Placed,2,6.25,1
STU1069,CSE,85.64,69.11,76.38,3.0,2.0,83.2,Placed,2,5.69,1
STU1070,AIDS,98.0,77.25,81.4,2.0,3.0,85.83,Placed,4,7.42,1
STU1071,IT,70.43,82.0,60.78,2.0,1.0,75.34,Placed,1,6.16,1
STU1072,CSE,62.3,82.89,81.66,3.0,1.0,74.19,Placed,2,6.81,1
STU1073,CSE,75.12,77.43,68.51,3.0,0.0,87.5,Placed,1,6.44,1
STU1074,IT,98.0,73.3,83.99,6.0,1.0,84.59,Placed,1,4.63,1
STU1075,CIVIL,67.96,88.45,62.24,3.0,2.0,70.62,Placed,3,4.55,1
STU1076,IT,92.39,74.27,68.89,4.0,0.0,78.015,Placed,1,5.13,1
STU1077,IT,92.78,76.4,90.69,5.0,0.0,89.69,Placed,3,5.95,1
STU1078,CSE,70.46,73.13,67.48,2.0,2.0,89.37,Placed,3,4.7,1
STU1079,ECE,81.69,90.3,91.82,2.0,2.0,74.94,Placed,4,7.92,1
STU1080,CSE,92.28,88.07,82.5,5.0,2.0,85.19,Placed,1,7.42,1
STU1081,IT,72.21,74.64,56.66,1.0,0.0,80.32,Placed,2,4.35,1
STU1082,CIVIL,73.96,75.92,79.59,4.0,0.0,68.95,Placed,2,5.34,1
STU1083,ECE,70.18,70.02,64.35,1.0,0.0,78.015,Placed,2,4.06,1
STU1084,CSE,65.85,73.21,74.26,0.0,4.0,61.86,Placed,2,5.09,1
STU1085,ECE,69.51,43.98,59.92,1.0,0.0,60.41,Placed,1,4.26,1
STU1086,ECE,63.76,63.73,52.28,0.0,1.0,77.62,Not Placed,0,0.0,0
STU1087,IT,76.34,74.77,74.2,3.0,0.0,75.26,Not Placed,0,0.0,0
STU1088,CIVIL,68.3,57.22,81.5,0.0,2.0,77.73,Placed,2,2.98,1
STU1089,AIDS,78.34,77.12,78.35,2.0,0.0,79.26,Placed,1,6.85,1
STU1090,EEE,60.44,63.15,62.8,3.0,1.0,64.37,Placed,1,6.47,1
STU1091,CSE,79.31,91.24,88.3,4.0,3.0,79.35,Placed,3,8.68,1
STU1092,CIVIL,84.34,91.68,83.29,2.0,1.0,70.42,Placed,3,5.59,1
STU1093,IT,56.06,58.57,61.8,0.0,0.0,84.14,Not Placed,0,0.0,0
STU1094,MECH,79.74,72.37,64.51,2.0,2.0,67.71,Placed,1,4.64,1
STU1095,IT,88.28,76.99,79.71,3.0,0.0,81.13,Placed,3,6.97,1
STU1096,EEE,63.9,62.24,72.43,0.0,2.0,64.99,Placed,3,4.13,1
STU1097,MECH,92.73,81.68,74.35,3.0,2.0,89.59,Placed,3,6.06,1
STU1098,EEE,80.19,66.5,82.74,1.0,2.0,77.08,Placed,1,5.43,1
STU1099,CSE,68.95,57.72,63.6,2.0,1.0,71.46,Placed,1,2.97,1
STU1100,CSE,75.44,78.18,66.66,1.0,0.0,86.08,Placed,2,5.01,1
STU1101,CSE,81.58,81.01,84.89,3.0,3.0,80.82,Placed,2,5.57,1
STU1102,CIVIL,76.76,64.5,67.15,3.0,0.0,83.52,Placed,1,5.49,1
STU1103,ECE,81.39,83.58,83.81,5.0,1.0,71.65,Placed,2,5.71,1
STU1104,EEE,66.79,61.74,62.65,1.0,1.0,62.73,Placed,2,4.01,1
STU1105,AIDS,77.69,75.49,73.14,2.0,1.0,80.16,Placed,2,5.07,1
STU1106,ECE,61.86,74.04,71.52,1.0,2.0,70.78,Placed,4,5.43,1
STU1107,EEE,74.89,71.36,73.52,1.0,4.0,83.85,Placed,2,6.65,1
STU1108,IT,66.96,72.68,52.91,1.0,0.0,74.72,Not Placed,0,0.0,0
STU1109,CSE,68.64,63.73,57.36,0.0,0.0,77.87,Not Placed,0,0.0,0
STU1110,CSE,88.36,75.8,84.89,2.0,0.0,68.32,Placed,2,6.04,1
STU1111,ECE,86.91,75.05,75.63,0.0,0.0,99.42,Placed,1,4.9,1
STU1112,CSE,82.09,67.48,68.16,3.0,1.0,79.25,Placed,1,4.61,1
STU1113,AIDS,65.08,65.52,54.84,2.0,0.0,81.06,Not Placed,0,0.0,0
STU1114,IT,72.84,55.29,72.0,0.0,0.0,69.97,Not Placed,0,0.0,0
STU1115,CIVIL,88.13,72.75,60.13,4.0,2.0,85.62,Placed,3,8.01,1
STU1116,IT,76.21,69.99,70.78,2.0,1.0,67.37,Placed,1,5.94,1
STU1117,IT,98.0,79.54,77.35,8.0,2.0,90.37,Placed,2,7.09,1
STU1118,CSE,79.93,71.55,65.29,4.0,2.0,76.77,Placed,4,4.92,1
STU1119,AIDS,77.92,72.45,72.08,3.0,1.0,79.53,Placed,1,4.02,1
STU1120,MECH,72.91,75.6,74.89,0.0,0.0,83.8,Placed,1,6.24,1
STU1121,IT,77.34,81.55,92.35,4.0,0.0,67.97,Placed,2,5.6,1
STU1122,AIDS,74.48,65.02,56.73,0.0,0.0,71.91,Not Placed,0,0.0,0
STU1123,ECE,83.08,63.35,80.53,1.0,0.0,85.19,Placed,1,6.14,1
STU1124,CSE,85.57,66.08,80.86,2.0,1.0,100.0,Placed,2,6.63,1
STU1125,CSE,68.14,63.79,59.94,1.0,0.0,74.61,Placed,2,5.31,1
STU1126,EEE,62.69,62.69,65.51,1.0,3.0,79.26,Placed,2,5.43,1
STU1127,IT,57.64,56.24,56.2,0.0,3.0,71.21,Placed,1,3.51,1
STU1128,IT,81.08,61.52,71.4,2.0,0.0,97.86,Placed,1,4.97,1
STU1129,CSE,64.97,62.67,76.75,2.0,0.0,59.01,Placed,1,4.35,1
STU1130,EEE,54.47,64.33,66.42,1.0,1.0,71.92,Placed,2,3.85,1
STU1131,EEE,79.89,79.9,79.99,1.0,0.0,65.33,Not Placed,0,0.0,0
STU1132,CSE,98.0,76.53,77.64,2.0,2.0,63.74,Placed,2,4.42,1
STU1133,CSE,75.94,68.04,58.52,2.0,4.0,81.26,Placed,3,3.1,1
STU1134,ECE,76.21,66.71,71.21,2.0,1.0,82.79,Placed,2,5.97,1
STU1135,AIDS,76.82,72.25,81.83,3.0,3.0,76.32,Placed,2,5.94,1
STU1136,ECE,75.01,63.27,56.18,3.0,0.0,77.3,Not Placed,0,0.0,0
STU1137,EEE,85.19,82.07,70.1,1.0,1.0,100.0,Placed,2,6.98,1
STU1138,CIVIL,73.1,53.04,65.16,1.0,0.0,75.26,Placed,1,3.37,1
STU1139,ECE,78.67,69.81,64.09,2.0,0.0,84.13,Not Placed,0,0.0,0
STU1140,AIDS,79.22,76.66,68.22,4.0,0.0,73.88,Placed,4,5.37,1
STU1141,AIDS,69.32,71.03,65.73,2.0,1.0,78.92,Placed,1,5.82,1
STU1142,ECE,85.92,100.0,74.15,3.0,2.0,79.93,Placed,1,8.68,1
STU1143,EEE,74.25,74.91,64.41,2.0,0.0,74.29,Not Placed,0,0.0,0
STU1144,ECE,68.44,58.76,70.15,0.0,0.0,92.32,Placed,1,3.92,1
STU1145,ECE,81.37,73.66,63.8,0.0,0.0,91.07,Not Placed,0,0.0,0
STU1146,CSE,67.02,50.39,48.31,2.0,0.0,76.69,Placed,1,2.2,1
STU1147,MECH,76.28,71.52,66.69,5.0,0.0,57.96,Placed,1,6.13,1
STU1148,EEE,75.91,63.83,74.76,4.0,1.0,75.32,Placed,1,4.9,1
STU1149,CSE,86.86,86.24,79.01,4.0,2.0,100.0,Placed,1,6.62,1
STU1150,ECE,80.75,68.84,68.64,4.0,2.0,78.19,Not Placed,0,0.0,0
STU1151,AIDS,75.75,70.92,71.69,0.0,1.0,88.44,Placed,1,4.71,1
STU1152,CSE,84.18,69.52,59.83,0.0,0.0,94.44,Placed,2,3.96,1
STU1153,CSE,89.9,95.84,88.97,4.0,4.0,85.44,Placed,5,8.9,1
STU1154,EEE,81.58,71.5,76.64,1.0,1.0,72.98,Placed,1,3.96,1
STU1155,AIDS,76.1,90.57,75.06,2.0,3.0,56.72,Placed,5,6.39,1
STU1156,ECE,62.88,74.44,76.11,2.0,1.0,80.17,Placed,3,5.56,1
STU1157,CIVIL,65.35,72.23,59.13,1.0,1.0,67.54,Placed,2,3.55,1
STU1158,IT,72.95,74.51,80.63,2.0,1.0,79.12,Placed,4,7.22,1
STU1159,CSE,69.9,73.4,71.39,2.0,1.0,65.22,Placed,1,5.9,1
STU1160,IT,74.13,52.08,61.48,1.0,1.0,75.56,Placed,1,3.35,1
STU1161,ECE,76.57,69.67,71.02,1.0,0.0,79.1,Placed,1,4.72,1
STU1162,CIVIL,81.3,83.04,76.66,1.0,0.0,82.87,Placed,3,6.66,1
STU1163,CIVIL,75.3,71.39,81.1,1.0,1.0,68.32,Placed,2,5.35,1
STU1164,MECH,80.87,60.34,60.81,0.0,1.0,91.07,Not Placed,0,0.0,0
STU1165,CSE,76.64,71.97,65.91,4.0,0.0,73.45,Placed,1,6.43,1
STU1166,IT,56.25,80.35,76.1,2.0,0.0,56.62,Placed,1,5.47,1
STU1167,ECE,66.61,80.44,66.7,1.0,3.0,74.33,Placed,3,5.76,1
STU1168,CSE,74.56,70.93,78.13,5.0,2.0,78.41,Placed,3,6.21,1
STU1169,CSE,63.9,76.27,82.66,1.0,1.0,75.81,Placed,1,8.6,1
STU1170,MECH,82.0,71.23,70.42,3.0,0.0,92.96,Placed,2,4.4,1
STU1171,CIVIL,91.31,62.05,79.13,2.0,0.0,81.83,Placed,1,4.1,1
STU1172,CSE,88.19,68.44,65.59,1.0,0.0,81.79,Not Placed,0,0.0,0
STU1173,EEE,73.87,86.87,82.29,1.0,1.0,67.92,Placed,1,5.74,1
STU1174,CSE,90.91,76.17,80.07,2.0,0.0,91.2,Placed,1,7.4,1
STU1175,CIVIL,77.49,70.44,75.56,1.0,0.0,80.78,Placed,1,2.6,1
STU1176,CSE,72.63,67.68,63.95,1.0,0.0,73.64,Placed,2,2.43,1
STU1177,CIVIL,69.87,88.48,62.13,2.0,0.0,59.31,Not Placed,0,0.0,0
STU1178,ECE,72.98,87.1,80.05,1.0,1.0,90.54,Placed,2,5.83,1
STU1179,AIDS,72.12,92.64,61.16,4.0,2.0,66.19,Placed,1,8.12,1
STU1180,CSE,77.7,71.38,69.64,1.0,1.0,73.87,Placed,3,5.02,1
STU1181,ECE,77.61,75.88,81.25,1.0,3.0,82.39,Placed,5,4.97,1
STU1182,CSE,76.03,57.05,68.11,3.0,3.0,67.84,Placed,1,5.64,1
STU1183,AIDS,80.37,88.94,94.84,4.0,4.0,66.69,Placed,3,9.23,1
STU1184,IT,87.91,65.88,82.03,0.0,1.0,63.65,Placed,1,4.45,1
STU1185,ECE,85.5,78.64,72.22,2.0,1.0,88.41,Not Placed,0,0.0,0
STU1186,CIVIL,61.15,54.54,60.71,0.0,0.0,68.5,Placed,1,3.68,1
STU1187,IT,50.46,54.82,56.47,1.0,1.0,96.01,Placed,1,3.79,1
STU1188,MECH,85.34,68.03,61.02,3.0,1.0,72.92,Placed,1,5.48,1
STU1189,MECH,62.33,59.97,55.28,1.0,0.0,65.52,Not Placed,0,0.0,0
STU1190,ECE,73.75,65.8,64.36,1.0,0.0,72.72,Placed,2,3.81,1
STU1191,CSE,64.3,61.45,72.0,1.0,1.0,76.69,Not Placed,0,0.0,0
STU1192,AIDS,57.98,72.42,66.02,1.0,2.0,68.06,Not Placed,0,0.0,0
STU1193,AIDS,81.41,63.59,68.76,3.0,0.0,86.01,Placed,1,5.53,1
STU1194,CIVIL,83.59,77.82,63.11,2.0,2.0,72.45,Not Placed,0,0.0,0
STU1195,ECE,70.23,81.79,76.44,4.0,0.0,64.15,Placed,3,6.42,1
STU1196,ECE,50.09,55.41,62.65,0.0,0.0,53.35,Placed,1,3.62,1
STU1197,IT,70.54,62.56,68.4,1.0,1.0,56.68,Placed,1,2.55,1
STU1198,AIDS,79.92,71.66,70.46,4.0,2.0,75.31,Placed,1,4.22,1
STU1199,AIDS,61.21,77.34,73.23,2.0,3.0,70.71,Placed,1,4.88,1
STU1200,IT,77.83,74.97,78.92,1.0,3.0,73.56,Placed,3,6.15,1
STU1201,CIVIL,75.85,66.82,72.39,2.0,0.0,89.74,Not Placed,0,0.0,0
STU1202,CSE,81.79,79.65,69.91,2.0,1.0,91.68,Placed,2,6.4,1
STU1203,CSE,77.2,61.72,70.83,1.0,1.0,76.01,Placed,1,3.57,1
STU1204,AIDS,66.27,74.63,78.88,1.0,1.0,59.05,Placed,2,5.36,1
STU1205,MECH,87.97,81.67,74.6,1.0,2.0,77.69,Placed,4,7.02,1
STU1206,CSE,74.41,68.41,86.77,4.0,1.0,72.65,Placed,1,6.41,1
STU1207,CSE,75.73,63.69,64.59,0.0,0.0,72.59,Placed,2,3.64,1
STU1208,CIVIL,66.67,59.13,64.29,2.0,0.0,69.05,Placed,1,3.54,1
STU1209,CSE,71.57,75.55,66.11,1.0,0.0,71.17,Placed,2,3.41,1
STU1210,CSE,67.15,80.51,73.47,0.0,1.0,72.02,Placed,1,6.94,1
STU1211,MECH,74.27,65.05,54.82,4.0,1.0,72.27,Placed,2,4.94,1
STU1212,CIVIL,93.12,84.49,77.79,1.0,1.0,86.47,Placed,3,4.73,1
STU1213,CIVIL,62.28,45.16,48.87,0.0,0.0,77.04,Placed,1,3.77,1
STU1214,CSE,59.86,59.09,62.72,1.0,2.0,64.76,Placed,1,4.6,1
STU1215,CIVIL,90.71,78.51,87.18,0.0,1.0,95.19,Placed,2,7.56,1
STU1216,CSE,73.91,62.16,72.79,2.0,0.0,69.05,Not Placed,0,0.0,0
STU1217,ECE,69.31,59.82,46.22,2.0,0.0,61.7,Not Placed,0,0.0,0
STU1218,IT,86.4,70.2,91.15,0.0,1.0,85.67,Placed,1,5.35,1
STU1219,CIVIL,69.94,72.4,72.18,2.0,1.0,69.12,Placed,2,4.62,1
STU1220,IT,94.26,78.54,74.27,3.0,1.0,87.88,Placed,3,5.42,1
STU1221,CIVIL,82.78,52.87,68.73,2.0,1.0,59.34,Not Placed,0,0.0,0
STU1222,MECH,71.12,48.8,63.38,2.0,0.0,89.42,Placed,1,5.91,1
STU1223,CSE,97.57,75.84,75.36,7.0,2.0,92.2,Placed,1,6.45,1
STU1224,ECE,69.94,74.05,71.98,2.0,1.0,62.98,Placed,1,4.06,1
STU1225,ECE,83.42,48.06,61.16,2.0,0.0,67.89,Placed,1,2.94,1
STU1226,ECE,78.99,68.55,68.4,4.0,0.0,94.7,Placed,3,5.0,1
STU1227,AIDS,89.02,72.8,71.14,5.0,0.0,76.52,Placed,1,7.19,1
STU1228,ECE,91.62,93.11,73.19,2.0,0.0,76.56,Placed,3,6.59,1
STU1229,AIDS,76.32,68.49,71.85,1.0,2.0,58.32,Placed,2,6.12,1
STU1230,CIVIL,68.47,72.64,74.07,0.0,0.0,72.81,Not Placed,0,0.0,0
STU1231,IT,80.6,75.68,78.82,2.0,4.0,78.16,Placed,2,6.63,1
STU1232,EEE,69.22,47.84,67.53,2.0,0.0,82.67,Not Placed,0,0.0,0
STU1233,MECH,96.13,88.94,87.37,3.0,0.0,73.06,Placed,3,6.59,1
STU1234,EEE,77.37,74.97,69.06,6.0,0.0,65.4,Placed,4,4.36,1
STU1235,CSE,72.35,75.64,78.51,0.0,1.0,81.38,Placed,1,6.99,1
STU1236,IT,77.85,100.0,71.39,6.0,2.0,88.31,Placed,3,8.36,1
STU1237,ECE,62.53,45.3,50.53,0.0,1.0,59.74,Not Placed,0,0.0,0
STU1238,CSE,66.28,85.07,65.26,3.0,2.0,84.93,Placed,3,6.94,1
STU1239,CIVIL,88.0,74.73,85.6,3.0,4.0,83.14,Placed,2,7.79,1
STU1240,CSE,69.43,72.12,77.08,3.0,1.0,86.13,Placed,3,4.85,1
STU1241,AIDS,65.53,67.03,70.3,1.0,0.0,74.3,Not Placed,0,0.0,0
STU1242,AIDS,81.37,70.37,81.68,2.0,0.0,57.78,Placed,2,5.38,1
STU1243,AIDS,87.86,71.84,68.86,6.0,0.0,81.38,Placed,2,6.77,1
STU1244,ECE,83.19,78.73,79.46,2.0,2.0,90.66,Placed,2,7.29,1
STU1245,CSE,85.96,61.51,70.61,3.0,0.0,74.04,Placed,3,4.93,1
STU1246,AIDS,68.43,76.3,77.43,2.0,2.0,72.46,Placed,2,7.6,1
STU1247,EEE,61.78,61.64,62.28,2.0,1.0,72.04,Placed,1,4.64,1
STU1248,AIDS,91.01,67.66,72.45,1.0,0.0,57.76,Placed,1,6.05,1
STU1249,AIDS,72.77,66.25,72.98,1.0,1.0,92.51,Placed,2,5.27,1
STU1250,IT,73.49,83.64,82.01,5.0,0.0,69.61,Placed,2,5.75,1
STU1251,ECE,89.28,72.82,71.39,3.0,0.0,87.8,Placed,1,6.55,1
STU1252,ECE,81.56,78.29,75.46,2.0,0.0,79.77,Placed,1,6.32,1
STU1253,IT,80.56,66.94,63.16,2.0,1.0,91.51,Placed,1,5.55,1
STU1254,ECE,97.65,89.52,65.53,1.0,4.0,89.83,Placed,5,6.02,1
STU1255,CSE,69.56,76.16,72.61,3.0,1.0,74.23,Placed,1,6.43,1
STU1256,MECH,85.28,94.86,87.92,2.0,2.0,73.81,Not Placed,0,0.0,0
STU1257,AIDS,76.57,70.7,73.64,3.0,0.0,85.98,Placed,1,4.51,1
STU1258,CIVIL,78.69,80.1,59.98,2.0,1.0,62.68,Placed,1,5.8,1
STU1259,MECH,91.28,80.06,77.16,3.0,2.0,89.76,Placed,2,5.48,1
STU1260,CSE,81.08,87.44,61.24,3.0,0.0,70.49,Placed,1,4.63,1
STU1261,MECH,81.38,67.43,83.04,0.0,0.0,91.75,Placed,1,5.59,1
STU1262,AIDS,86.73,84.48,71.23,2.0,1.0,83.81,Placed,5,6.65,1
STU1263,CSE,72.35,68.61,79.38,3.0,2.0,83.12,Not Placed,0,0.0,0
STU1264,EEE,67.61,67.78,74.95,0.0,1.0,76.4,Placed,3,4.97,1
STU1265,IT,65.55,68.42,59.68,0.0,1.0,59.17,Not Placed,0,0.0,0
STU1266,IT,56.34,65.87,53.71,0.0,0.0,63.97,Not Placed,0,0.0,0
STU1267,CIVIL,96.56,80.29,84.7,3.0,0.0,91.85,Placed,1,6.05,1
STU1268,CIVIL,64.97,69.38,60.27,1.0,0.0,76.24,Placed,1,5.3,1
STU1269,ECE,73.79,86.99,77.09,1.0,0.0,88.45,Placed,3,6.05,1
STU1270,ECE,73.23,72.28,70.05,2.0,1.0,81.26,Not Placed,0,0.0,0
STU1271,IT,79.07,82.27,62.22,3.0,4.0,70.98,Placed,4,6.24,1
STU1272,IT,84.16,71.32,56.57,5.0,1.0,74.29,Placed,2,4.98,1
STU1273,IT,84.6,67.18,74.94,1.0,3.0,82.54,Placed,2,4.92,1
STU1274,AIDS,70.17,79.13,67.76,1.0,1.0,55.73,Placed,1,6.0,1
STU1275,EEE,74.33,80.21,69.66,5.0,0.0,93.08,Placed,1,5.26,1
STU1276,EEE,78.83,88.2,84.03,0.0,3.0,83.56,Placed,5,8.4,1
STU1277,IT,73.51,65.04,77.88,2.0,1.0,88.77,Placed,3,4.44,1
STU1278,CIVIL,92.07,77.14,77.04,3.0,3.0,70.0,Placed,2,6.68,1
STU1279,CIVIL,80.91,58.01,65.9,2.0,1.0,91.52,Placed,1,4.78,1
STU1280,IT,83.35,71.58,78.23,1.0,0.0,100.0,Placed,2,5.49,1
STU1281,AIDS,82.63,85.15,67.87,4.0,2.0,69.03,Placed,2,6.81,1
STU1282,ECE,87.73,72.82,77.98,4.0,2.0,89.65,Placed,3,7.12,1
STU1283,ECE,77.81,79.42,79.45,2.0,1.0,79.24,Placed,1,6.44,1
STU1284,CSE,63.03,64.46,70.06,1.0,1.0,60.16,Placed,1,3.17,1
STU1285,MECH,80.0,77.24,59.54,0.0,1.0,84.43,Placed,3,3.81,1
STU1286,CSE,69.49,57.79,58.46,2.0,0.0,83.82,Not Placed,0,0.0,0
STU1287,EEE,70.71,70.67,62.46,1.0,0.0,71.34,Not Placed,0,0.0,0
STU1288,MECH,81.86,44.93,65.18,4.0,0.0,91.15,Placed,1,2.91,1
STU1289,ECE,88.38,75.9,81.35,5.0,0.0,67.93,Placed,3,5.75,1
STU1290,MECH,76.21,55.99,78.24,1.0,0.0,65.22,Placed,1,6.36,1
STU1291,CSE,79.09,85.65,73.7,3.0,2.0,80.91,Placed,1,6.3,1
STU1292,CSE,93.02,87.63,79.25,5.0,4.0,84.79,Placed,5,9.68,1
STU1293,IT,78.41,77.95,83.92,1.0,1.0,72.99,Placed,3,5.76,1
STU1294,ECE,98.0,97.31,90.73,3.0,2.0,93.59,Placed,2,8.16,1
STU1295,CSE,81.66,65.26,81.56,1.0,1.0,85.36,Placed,1,5.98,1
STU1296,MECH,58.39,81.75,71.36,4.0,0.0,80.16,Not Placed,0,0.0,0
STU1297,IT,83.53,84.91,69.7,3.0,0.0,80.13,Placed,1,5.56,1
STU1298,CSE,79.81,71.55,62.31,0.0,3.0,85.36,Placed,1,5.46,1
STU1299,CIVIL,88.9,89.36,69.98,1.0,2.0,79.1,Placed,1,4.59,1
STU1300,CSE,82.73,64.17,76.71,1.0,1.0,99.44,Placed,1,4.5,1
STU1301,CSE,74.62,63.33,77.79,0.0,0.0,70.8,Not Placed,0,0.0,0
STU1302,MECH,63.76,60.6,78.32,1.0,0.0,93.26,Not Placed,0,0.0,0
STU1303,MECH,73.91,65.97,75.7,1.0,1.0,78.18,Not Placed,0,0.0,0
STU1304,CIVIL,67.49,57.81,73.16,4.0,0.0,63.24,Placed,1,2.64,1
STU1305,IT,70.19,81.82,68.56,6.0,0.0,88.88,Placed,1,6.64,1
STU1306,AIDS,81.89,72.26,64.7,1.0,0.0,81.79,Not Placed,0,0.0,0
STU1307,EEE,92.7,83.24,88.38,2.0,0.0,92.1,Placed,1,5.29,1
STU1308,ECE,79.95,68.27,75.22,3.0,1.0,91.0,Placed,1,7.0,1
STU1309,IT,64.04,48.61,60.29,0.0,0.0,77.46,Not Placed,0,0.0,0
STU1310,ECE,80.45,76.9,78.17,6.0,2.0,74.83,Placed,3,6.76,1
STU1311,EEE,87.97,58.46,73.84,3.0,0.0,91.57,Placed,1,6.01,1
STU1312,CSE,69.9,68.77,78.81,1.0,1.0,76.47,Placed,1,4.45,1
STU1313,CSE,74.66,57.91,76.76,0.0,0.0,84.3,Placed,1,3.3,1
STU1314,AIDS,76.15,92.14,83.25,2.0,0.0,59.27,Placed,2,5.73,1
STU1315,IT,68.15,77.78,77.84,4.0,4.0,79.88,Placed,2,7.51,1
STU1316,CIVIL,82.48,76.17,79.64,5.0,1.0,75.12,Placed,1,8.26,1
STU1317,EEE,74.79,84.29,71.99,1.0,0.0,93.06,Not Placed,0,0.0,0
STU1318,CSE,76.21,65.62,77.09,0.0,0.0,85.68,Placed,2,5.41,1
STU1319,CSE,67.13,73.64,58.11,4.0,0.0,77.65,Not Placed,0,0.0,0
STU1320,ECE,71.63,72.23,78.78,0.0,0.0,81.45,Placed,1,3.72,1
STU1321,MECH,83.22,78.09,66.9,4.0,0.0,72.14,Placed,1,4.46,1
STU1322,CIVIL,72.27,83.25,76.72,1.0,2.0,91.9,Placed,5,4.66,1
STU1323,CIVIL,93.27,87.3,76.44,6.0,2.0,100.0,Placed,2,7.29,1
STU1324,ECE,72.0,73.29,75.28,2.0,0.0,80.74,Placed,1,4.92,1
STU1325,AIDS,78.25,56.66,66.95,3.0,0.0,93.7,Not Placed,0,0.0,0
STU1326,IT,85.33,66.8,60.48,2.0,0.0,76.74,Placed,1,4.43,1
STU1327,MECH,61.82,64.59,67.61,0.0,2.0,66.46,Placed,1,3.23,1
STU1328,MECH,58.39,65.21,58.64,0.0,0.0,72.81,Placed,2,2.48,1
STU1329,EEE,60.74,54.03,67.22,0.0,0.0,77.17,Placed,1,3.65,1
STU1330,ECE,88.63,100.0,86.03,3.0,1.0,79.47,Placed,1,7.86,1
STU1331,ECE,70.48,84.88,77.54,0.0,0.0,81.51,Placed,2,4.36,1
STU1332,IT,98.0,88.12,77.48,3.0,1.0,89.06,Placed,2,7.33,1
STU1333,CSE,70.36,70.38,64.54,2.0,0.0,67.64,Placed,1,5.41,1
STU1334,CSE,77.85,70.91,68.39,0.0,0.0,83.92,Placed,1,2.43,1
STU1335,CSE,91.42,69.62,83.22,6.0,2.0,91.77,Placed,1,8.28,1
STU1336,CSE,96.06,82.0,95.74,2.0,4.0,87.16,Placed,3,8.34,1
STU1337,IT,96.62,84.05,76.79,0.0,4.0,96.19,Placed,5,7.93,1
STU1338,CIVIL,88.08,65.22,82.27,1.0,2.0,71.87,Placed,3,4.5,1
STU1339,EEE,86.24,80.15,60.88,2.0,4.0,86.4,Placed,4,6.93,1
STU1340,CSE,81.93,73.31,64.78,4.0,0.0,70.14,Placed,2,6.0,1
STU1341,EEE,83.78,56.62,61.47,4.0,2.0,71.3,Placed,1,4.03,1
STU1342,EEE,70.49,61.12,55.24,1.0,0.0,70.99,Placed,2,4.44,1
STU1343,CSE,67.82,64.38,53.6,0.0,3.0,67.26,Not Placed,0,0.0,0
STU1344,EEE,75.97,91.06,81.76,3.0,1.0,73.66,Placed,4,6.37,1
STU1345,ECE,74.3,77.0,71.24,5.0,0.0,76.08,Placed,3,4.94,1
STU1346,MECH,71.47,56.81,67.93,1.0,1.0,84.55,Placed,1,4.13,1
STU1347,CIVIL,82.96,80.19,82.63,3.0,2.0,78.15,Placed,2,6.61,1
STU1348,CSE,85.55,61.03,73.43,1.0,1.0,67.67,Placed,2,4.41,1
STU1349,ECE,76.88,83.42,81.37,2.0,1.0,89.17,Placed,3,5.49,1
STU1350,CIVIL,90.78,74.14,77.16,1.0,0.0,76.24,Not Placed,0,0.0,0
STU1351,EEE,64.58,66.13,56.25,1.0,1.0,74.08,Placed,2,4.45,1
STU1352,IT,74.06,84.59,83.99,3.0,2.0,81.94,Placed,2,7.15,1
STU1353,CIVIL,68.83,56.1,59.01,1.0,0.0,77.89,Placed,1,3.78,1
STU1354,CSE,57.33,49.83,50.02,0.0,0.0,81.91,Not Placed,0,0.0,0
STU1355,CSE,75.17,65.99,67.98,2.0,1.0,82.62,Placed,3,3.28,1
STU1356,CIVIL,74.78,82.04,67.58,1.0,3.0,70.42,Placed,5,5.11,1
STU1357,CSE,91.13,63.82,70.89,1.0,1.0,100.0,Placed,1,4.49,1
STU1358,MECH,82.31,46.72,67.91,3.0,1.0,82.56,Placed,1,6.01,1
STU1359,AIDS,65.76,63.08,67.88,1.0,1.0,73.69,Not Placed,0,0.0,0
STU1360,MECH,94.54,86.06,76.03,2.0,3.0,93.76,Placed,3,7.12,1
STU1361,ECE,88.21,89.7,78.37,2.0,2.0,85.12,Placed,2,6.52,1
STU1362,CIVIL,81.82,70.19,81.8,2.0,0.0,84.23,Placed,2,4.96,1
STU1363,EEE,73.74,67.07,73.25,0.0,1.0,100.0,Not Placed,0,0.0,0
STU1364,MECH,66.41,79.42,87.64,3.0,2.0,72.77,Placed,5,6.08,1
STU1365,AIDS,72.28,51.83,72.88,3.0,2.0,74.44,Placed,1,5.33,1
STU1366,ECE,86.89,73.21,85.19,2.0,1.0,83.46,Placed,1,4.22,1
STU1367,AIDS,94.85,82.58,71.0,4.0,1.0,94.84,Placed,3,6.76,1
STU1368,AIDS,91.43,83.64,87.39,4.0,1.0,70.44,Placed,1,6.22,1
STU1369,CSE,71.11,64.9,67.18,1.0,0.0,59.2,Not Placed,0,0.0,0
STU1370,CSE,64.8,67.51,61.9,3.0,1.0,69.4,Placed,2,4.92,1
STU1371,CSE,77.41,47.95,65.22,2.0,0.0,64.39,Placed,1,4.36,1
STU1372,CSE,58.32,57.66,68.15,0.0,1.0,68.59,Not Placed,0,0.0,0
STU1373,CSE,79.23,78.19,79.1,2.0,3.0,84.25,Placed,5,5.64,1
STU1374,CIVIL,74.52,61.71,60.66,1.0,1.0,70.07,Not Placed,0,0.0,0
STU1375,CSE,71.34,70.69,75.65,1.0,1.0,64.13,Placed,1,3.55,1
STU1376,ECE,60.05,69.49,60.24,2.0,0.0,73.64,Not Placed,0,0.0,0
STU1377,IT,81.14,71.09,75.01,2.0,0.0,88.16,Placed,1,5.06,1
STU1378,CSE,70.67,71.51,67.34,2.0,4.0,61.48,Placed,3,6.62,1
STU1379,IT,64.3,57.31,60.81,1.0,0.0,81.89,Not Placed,0,0.0,0
STU1380,ECE,47.28,57.21,62.7,1.0,1.0,75.9,Placed,3,4.43,1
STU1381,CSE,75.72,78.18,65.54,5.0,1.0,87.09,Placed,1,5.42,1
STU1382,CIVIL,93.72,81.74,96.98,3.0,1.0,95.77,Placed,1,6.64,1
STU1383,CIVIL,92.61,73.81,63.68,3.0,2.0,100.0,Placed,1,5.44,1
STU1384,IT,71.43,72.39,65.55,4.0,1.0,73.8,Placed,2,3.85,1
STU1385,IT,69.98,76.64,74.28,2.0,3.0,77.48,Placed,4,6.61,1
STU1386,IT,80.69,53.81,71.75,2.0,0.0,76.49,Placed,1,5.26,1
STU1387,ECE,66.02,79.3,70.06,0.0,0.0,75.12,Not Placed,0,0.0,0
STU1388,CSE,79.02,70.2,71.77,1.0,1.0,93.45,Placed,3,4.95,1
STU1389,IT,83.66,79.9,80.53,2.0,1.0,69.18,Placed,1,5.42,1
STU1390,IT,88.27,89.69,80.44,0.0,1.0,75.14,Not Placed,0,0.0,0
STU1391,AIDS,75.0,58.03,77.71,2.0,1.0,90.64,Placed,2,4.3,1
STU1392,EEE,73.96,64.19,75.07,3.0,0.0,87.07,Placed,1,4.58,1
STU1393,ECE,67.22,65.36,73.39,3.0,2.0,72.26,Placed,2,4.35,1
STU1394,IT,67.73,60.64,57.2,1.0,0.0,83.4,Not Placed,0,0.0,0
STU1395,ECE,73.74,88.53,76.16,4.0,2.0,80.88,Placed,2,6.43,1
STU1396,AIDS,79.67,65.29,68.33,3.0,1.0,93.39,Not Placed,0,0.0,0
STU1397,IT,85.14,70.76,66.52,3.0,1.0,82.47,Not Placed,0,0.0,0
STU1398,EEE,67.97,70.63,71.39,1.0,1.0,85.02,Placed,1,5.8,1
STU1399,IT,90.93,66.9,70.94,3.0,1.0,100.0,Placed,2,6.39,1
STU1400,IT,73.29,67.02,74.35,1.0,2.0,83.03,Placed,1,4.38,1
STU1401,CSE,75.79,75.28,64.31,1.0,4.0,78.97,Placed,5,5.78,1
STU1402,AIDS,68.53,65.51,80.67,3.0,0.0,82.49,Placed,1,5.77,1
STU1403,EEE,51.76,60.36,52.07,0.0,0.0,66.83,Not Placed,0,0.0,0
STU1404,IT,84.84,70.88,76.26,3.0,0.0,100.0,Placed,1,4.83,1
STU1405,ECE,83.37,60.37,76.64,3.0,1.0,82.8,Placed,2,5.36,1
STU1406,AIDS,73.19,74.15,67.0,1.0,2.0,75.16,Placed,1,6.38,1
STU1407,ECE,76.67,90.05,85.17,5.0,2.0,71.31,Placed,2,6.76,1
STU1408,CSE,81.16,74.71,64.72,3.0,1.0,90.28,Placed,3,3.5,1
STU1409,AIDS,60.37,67.42,76.35,2.0,1.0,80.94,Placed,2,2.45,1
STU1410,CSE,70.71,76.75,71.72,2.0,2.0,72.27,Placed,2,5.79,1
STU1411,ECE,83.94,63.08,66.69,5.0,1.0,86.57,Placed,1,5.41,1
STU1412,AIDS,63.46,83.58,69.07,2.0,2.0,60.63,Placed,1,5.58,1
STU1413,AIDS,78.94,75.54,80.54,4.0,1.0,81.29,Placed,2,6.55,1
STU1414,MECH,62.43,82.41,66.02,3.0,2.0,77.93,Placed,2,4.11,1
STU1415,CIVIL,80.66,66.97,65.68,5.0,1.0,95.6,Placed,1,4.71,1
STU1416,EEE,75.64,90.22,76.28,3.0,1.0,71.54,Placed,2,6.67,1
STU1417,ECE,59.85,72.68,56.97,5.0,1.0,61.44,Placed,3,5.32,1
STU1418,ECE,87.65,82.97,94.28,1.0,2.0,74.62,Placed,3,6.51,1
STU1419,CIVIL,68.65,71.23,64.43,3.0,0.0,64.0,Placed,3,3.1,1
STU1420,IT,67.9,66.07,73.54,1.0,0.0,87.79,Not Placed,0,0.0,0
STU1421,IT,78.01,85.11,78.77,1.0,2.0,93.24,Placed,4,6.77,1
STU1422,IT,87.49,78.77,70.31,2.0,1.0,85.5,Placed,2,5.87,1
STU1423,CSE,65.84,47.96,59.78,0.0,0.0,86.04,Placed,1,2.2,1
STU1424,EEE,76.62,61.31,74.54,2.0,1.0,80.02,Placed,2,2.92,1
STU1425,CSE,80.29,72.27,71.89,3.0,1.0,79.24,Placed,1,6.05,1
STU1426,MECH,82.93,78.42,86.02,3.0,2.0,78.03,Placed,2,5.87,1
STU1427,EEE,77.76,72.43,80.74,2.0,0.0,76.42,Not Placed,0,0.0,0
STU1428,AIDS,72.33,82.74,81.63,2.0,4.0,63.39,Not Placed,0,0.0,0
STU1429,ECE,67.72,48.96,57.16,2.0,1.0,78.08,Placed,3,3.74,1
STU1430,CSE,76.86,74.02,64.17,1.0,1.0,78.54,Placed,2,5.13,1
STU1431,CSE,65.28,49.2,55.16,1.0,0.0,81.56,Not Placed,0,0.0,0
STU1432,IT,46.79,66.65,61.27,0.0,2.0,69.22,Placed,2,2.8,1
STU1433,MECH,80.37,73.22,78.12,4.0,0.0,78.66,Placed,1,6.07,1
STU1434,CSE,85.04,80.46,60.55,3.0,1.0,73.92,Placed,2,4.6,1
STU1435,CSE,52.37,52.93,56.79,3.0,0.0,70.98,Placed,2,2.2,1
STU1436,CIVIL,65.9,80.45,72.49,3.0,2.0,81.71,Placed,2,4.23,1
STU1437,CSE,82.19,85.4,76.44,7.0,1.0,70.48,Placed,4,6.61,1
STU1438,IT,96.57,87.29,94.68,1.0,1.0,86.59,Placed,2,8.71,1
STU1439,CIVIL,76.21,71.0,74.9,4.0,3.0,80.77,Placed,2,6.04,1
STU1440,CSE,68.72,74.72,80.69,0.0,4.0,69.59,Placed,1,7.57,1
STU1441,CSE,74.17,64.31,66.74,1.0,1.0,72.67,Placed,4,5.94,1
STU1442,AIDS,89.75,86.94,89.34,6.0,1.0,85.49,Placed,3,7.89,1
STU1443,ECE,69.54,85.79,87.45,2.0,1.0,66.14,Placed,2,7.7,1
STU1444,ECE,68.01,79.31,82.05,0.0,3.0,78.95,Not Placed,0,0.0,0
STU1445,IT,71.17,62.73,58.13,1.0,1.0,68.85,Placed,1,5.47,1
STU1446,AIDS,66.47,71.52,66.27,1.0,3.0,84.83,Placed,3,6.43,1
STU1447,AIDS,77.23,59.82,65.21,2.0,1.0,100.0,Placed,1,2.94,1
STU1448,IT,92.25,85.23,86.03,1.0,2.0,76.54,Placed,2,6.46,1
STU1449,ECE,79.23,78.16,80.58,3.0,2.0,84.54,Placed,4,5.62,1
STU1450,CSE,73.48,52.37,57.33,0.0,1.0,71.18,Not Placed,0,0.0,0
STU1451,IT,73.08,59.27,66.87,1.0,1.0,86.95,Placed,2,5.64,1
STU1452,MECH,60.37,62.33,46.79,1.0,0.0,61.74,Not Placed,0,0.0,0
STU1453,EEE,84.83,73.17,86.83,3.0,1.0,86.02,Placed,2,5.92,1
STU1454,AIDS,75.22,59.75,63.14,0.0,2.0,70.47,Placed,3,5.98,1
STU1455,CSE,74.2,75.28,72.76,0.0,2.0,76.11,Placed,2,5.43,1
STU1456,EEE,98.0,84.61,81.44,5.0,1.0,77.02,Placed,1,6.87,1
STU1457,CSE,78.99,71.6,81.87,2.0,2.0,87.05,Placed,2,5.6,1
STU1458,EEE,68.48,61.26,42.71,1.0,2.0,68.44,Placed,1,3.37,1
STU1459,CSE,71.74,80.77,73.24,3.0,1.0,82.08,Placed,3,6.07,1
STU1460,CSE,87.48,93.92,82.65,7.0,4.0,79.52,Placed,5,7.98,1
STU1461,CSE,77.13,67.87,67.12,2.0,1.0,77.97,Placed,1,4.46,1
STU1462,CIVIL,61.62,59.61,76.24,1.0,1.0,74.9,Placed,3,4.02,1
STU1463,IT,85.19,81.25,71.16,3.0,3.0,74.96,Placed,1,8.11,1
STU1464,MECH,69.32,65.61,73.4,2.0,3.0,78.15,Placed,2,7.3,1
STU1465,AIDS,94.73,79.24,83.74,2.0,1.0,98.93,Placed,3,6.17,1
STU1466,ECE,86.8,84.46,90.03,2.0,1.0,75.38,Placed,1,7.45,1
STU1467,ECE,71.53,51.09,57.58,2.0,0.0,87.58,Placed,2,2.85,1
STU1468,IT,88.81,91.15,77.12,4.0,2.0,96.57,Placed,2,6.92,1
STU1469,CSE,76.68,73.23,81.24,3.0,1.0,71.49,Placed,3,4.58,1
STU1470,AIDS,84.53,71.92,78.16,1.0,1.0,68.49,Placed,1,6.38,1
STU1471,CSE,80.85,73.49,61.66,3.0,0.0,83.01,Placed,1,5.53,1
STU1472,AIDS,67.54,68.02,63.13,1.0,0.0,70.71,Not Placed,0,0.0,0
STU1473,CSE,69.56,51.99,65.64,0.0,1.0,93.17,Placed,1,4.68,1
STU1474,AIDS,86.3,91.78,89.03,1.0,2.0,82.52,Placed,4,7.97,1
STU1475,MECH,72.65,71.11,64.88,4.0,1.0,70.21,Placed,1,4.16,1
STU1476,AIDS,71.96,74.81,48.06,2.0,1.0,66.86,Placed,1,3.98,1
STU1477,CSE,66.45,77.42,74.54,4.0,1.0,85.07,Not Placed,0,0.0,0
STU1478,MECH,80.24,63.89,60.68,4.0,1.0,74.94,Placed,1,5.21,1
STU1479,AIDS,96.63,86.22,67.86,2.0,1.0,86.21,Placed,1,5.9,1
STU1480,MECH,65.32,64.72,42.86,2.0,2.0,83.47,Placed,1,4.07,1
STU1481,CIVIL,76.24,80.78,81.47,3.0,1.0,74.33,Placed,4,5.25,1
STU1482,CIVIL,90.12,57.28,72.62,4.0,0.0,83.13,Not Placed,0,0.0,0
STU1483,EEE,75.2,70.85,69.31,1.0,0.0,78.17,Placed,2,6.11,1
STU1484,CIVIL,80.52,68.21,83.17,3.0,2.0,86.33,Not Placed,0,0.0,0
STU1485,MECH,65.38,71.74,73.09,0.0,1.0,80.2,Placed,1,5.82,1
STU1486,AIDS,80.28,78.83,88.62,6.0,2.0,78.12,Placed,2,8.14,1
STU1487,CSE,74.13,64.28,57.3,1.0,1.0,78.52,Placed,1,4.91,1
STU1488,ECE,85.86,69.51,74.1,3.0,0.0,78.7,Placed,1,4.23,1
STU1489,AIDS,87.87,76.44,64.57,2.0,1.0,69.46,Placed,5,4.8,1
STU1490,AIDS,98.0,73.13,78.06,6.0,1.0,88.62,Placed,4,5.85,1
STU1491,EEE,81.8,83.23,75.77,3.0,1.0,97.66,Placed,2,6.16,1
STU1492,CIVIL,79.26,69.97,77.24,3.0,2.0,71.79,Placed,1,6.69,1
STU1493,ECE,77.94,44.0,63.05,2.0,0.0,72.32,Placed,2,2.2,1
STU1494,CSE,72.47,66.86,73.75,4.0,1.0,69.53,Placed,2,4.55,1
STU1495,EEE,79.38,63.34,75.58,0.0,0.0,86.31,Placed,1,4.34,1
STU1496,ECE,73.05,54.56,81.9,7.0,0.0,81.6,Placed,1,3.91,1
STU1497,MECH,77.68,60.58,65.87,2.0,2.0,78.015,Placed,2,4.96,1
STU1498,CSE,89.18,79.22,71.41,4.0,4.0,74.95,Placed,4,6.25,1
STU1499,AIDS,65.93,80.96,73.38,3.0,0.0,75.91,Placed,1,6.53,1
STU1500,AIDS,87.4,80.46,72.33,0.0,2.0,68.51,Placed,2,5.4,1
STU1501,CIVIL,89.17,72.06,88.29,2.0,0.0,84.5,Placed,2,6.42,1
STU1502,MECH,74.82,76.23,70.6,2.0,2.0,86.03,Placed,1,5.81,1
STU1503,ECE,54.78,58.06,54.97,0.0,2.0,59.91,Placed,3,2.2,1
STU1504,IT,69.92,62.52,62.58,0.0,0.0,62.68,Not Placed,0,0.0,0
STU1505,CIVIL,88.97,66.49,80.16,4.0,0.0,97.35,Placed,3,4.42,1
STU1506,CSE,75.77,54.58,64.36,2.0,0.0,73.01,Placed,1,4.31,1
STU1507,AIDS,66.01,63.8,60.3,2.0,1.0,85.33,Placed,1,4.75,1
STU1508,IT,70.95,71.51,83.18,1.0,0.0,75.45,Not Placed,0,0.0,0
STU1509,AIDS,84.41,75.02,68.95,3.0,1.0,80.08,Placed,2,5.52,1
STU1510,IT,81.47,70.5,73.47,5.0,0.0,84.46,Placed,2,6.93,1
STU1511,MECH,73.61,61.67,72.57,2.0,1.0,69.81,Placed,2,5.16,1
STU1512,EEE,72.33,76.63,59.09,1.0,2.0,78.51,Placed,2,6.61,1
STU1513,AIDS,72.08,57.27,69.11,1.0,1.0,73.8,Not Placed,0,0.0,0
STU1514,IT,66.78,75.81,61.46,3.0,0.0,63.49,Not Placed,0,0.0,0
STU1515,CSE,92.15,69.45,83.14,2.0,2.0,87.29,Placed,2,3.7,1
STU1516,CSE,72.78,63.23,59.9,3.0,0.0,75.1,Placed,1,5.99,1
STU1517,ECE,88.17,63.01,78.46,1.0,1.0,81.45,Placed,1,4.62,1
STU1518,IT,91.21,74.03,86.68,0.0,2.0,73.03,Placed,3,6.05,1
STU1519,AIDS,85.98,86.45,87.24,2.0,0.0,96.42,Placed,1,7.88,1
STU1520,CSE,71.68,75.41,73.49,3.0,3.0,84.98,Placed,1,3.9,1
STU1521,MECH,80.04,83.8,75.49,2.0,2.0,88.69,Placed,3,6.09,1
STU1522,ECE,75.76,77.31,68.96,4.0,0.0,75.77,Placed,1,6.4,1
STU1523,AIDS,66.96,57.1,75.19,1.0,0.0,59.87,Not Placed,0,0.0,0
STU1524,IT,79.24,70.35,66.76,2.0,4.0,97.31,Placed,1,5.33,1
STU1525,IT,64.21,59.09,54.86,0.0,2.0,73.92,Placed,2,4.68,1
STU1526,EEE,87.88,90.85,87.88,2.0,0.0,76.02,Placed,2,7.32,1
STU1527,EEE,71.35,58.14,58.95,1.0,1.0,80.73,Not Placed,0,0.0,0
STU1528,ECE,78.01,82.04,68.42,4.0,1.0,89.81,Not Placed,0,0.0,0
STU1529,CSE,78.83,82.4,64.88,4.0,1.0,79.38,Placed,1,5.96,1
STU1530,IT,73.41,89.33,73.1,3.0,2.0,89.2,Placed,2,7.12,1
STU1531,IT,81.87,70.74,72.75,1.0,1.0,90.4,Placed,2,6.69,1
STU1532,AIDS,71.25,77.19,73.9,2.0,3.0,67.25,Placed,4,6.31,1
STU1533,AIDS,84.71,98.94,91.89,5.0,0.0,75.59,Placed,1,8.38,1
STU1534,MECH,62.54,59.97,67.09,1.0,1.0,82.51,Placed,3,3.37,1
STU1535,IT,77.26,57.42,65.61,1.0,3.0,54.63,Not Placed,0,0.0,0
STU1536,AIDS,95.39,62.13,73.54,1.0,1.0,84.04,Placed,1,5.77,1
STU1537,IT,66.0,74.83,73.37,2.0,0.0,62.22,Placed,1,5.31,1
STU1538,ECE,69.22,50.32,72.02,0.0,0.0,71.94,Not Placed,0,0.0,0
STU1539,EEE,81.14,70.79,74.19,5.0,1.0,77.71,Not Placed,0,0.0,0
STU1540,CSE,77.8,77.38,70.56,1.0,1.0,76.0,Placed,2,6.46,1
STU1541,AIDS,79.51,75.63,66.35,3.0,1.0,74.86,Placed,2,4.2,1
STU1542,MECH,80.89,78.66,64.28,2.0,0.0,70.44,Placed,1,6.14,1
STU1543,CSE,82.35,77.28,81.2,2.0,1.0,100.0,Placed,1,5.38,1
STU1544,CIVIL,87.1,89.98,86.6,2.0,1.0,99.29,Placed,1,9.44,1
STU1545,MECH,80.1,64.52,75.24,1.0,1.0,69.58,Placed,1,3.97,1
STU1546,ECE,73.59,64.34,67.25,2.0,2.0,91.99,Not Placed,0,0.0,0
STU1547,CSE,82.73,67.5,83.83,2.0,1.0,77.36,Placed,1,4.61,1
STU1548,CIVIL,95.0,89.05,80.54,5.0,2.0,86.41,Placed,2,7.06,1
STU1549,MECH,74.67,80.61,81.99,3.0,1.0,77.57,Placed,5,7.13,1
STU1550,IT,66.25,72.33,68.19,1.0,0.0,69.25,Not Placed,0,0.0,0
STU1551,MECH,87.07,89.02,76.76,2.0,1.0,91.33,Not Placed,0,0.0,0
STU1552,IT,74.8,59.88,71.88,2.0,0.0,79.31,Placed,1,4.86,1
STU1553,MECH,54.27,79.1,69.96,3.0,3.0,66.71,Placed,3,7.14,1
STU1554,MECH,84.47,91.25,84.36,1.0,3.0,69.82,Placed,2,6.57,1
STU1555,IT,70.65,77.15,72.38,1.0,2.0,68.68,Placed,2,4.86,1
STU1556,EEE,75.09,89.61,77.34,6.0,2.0,63.51,Placed,4,5.95,1
STU1557,CSE,79.32,57.13,86.86,2.0,1.0,79.87,Placed,2,4.67,1
STU1558,CSE,77.9,67.81,80.48,4.0,1.0,68.5,Placed,1,4.1,1
STU1559,IT,83.09,68.04,78.68,3.0,1.0,78.69,Placed,1,4.92,1
STU1560,CIVIL,71.65,77.46,73.08,2.0,2.0,89.41,Placed,1,4.62,1
STU1561,CIVIL,81.13,64.01,78.86,1.0,1.0,91.19,Not Placed,0,0.0,0
STU1562,CSE,73.4,78.61,77.35,3.0,0.0,77.4,Placed,1,6.33,1
STU1563,CSE,83.39,89.23,80.63,1.0,1.0,80.4,Placed,3,7.86,1
STU1564,CSE,82.15,81.92,75.0,1.0,1.0,97.67,Placed,2,6.32,1
STU1565,ECE,66.65,70.83,67.47,2.0,2.0,80.01,Not Placed,0,0.0,0
STU1566,MECH,86.86,67.21,48.56,0.0,0.0,79.45,Not Placed,0,0.0,0
STU1567,ECE,70.64,61.32,67.87,2.0,2.0,63.89,Not Placed,0,0.0,0
STU1568,EEE,84.08,88.33,76.44,4.0,1.0,84.97,Placed,2,5.96,1
STU1569,AIDS,79.67,81.65,89.2,2.0,2.0,87.35,Placed,2,7.44,1
STU1570,ECE,94.38,80.08,81.22,4.0,2.0,79.35,Placed,1,6.7,1
STU1571,EEE,73.77,67.02,59.76,2.0,3.0,80.44,Placed,1,6.02,1
STU1572,IT,72.51,50.37,62.61,1.0,0.0,74.11,Placed,1,2.57,1
STU1573,ECE,75.81,61.4,59.65,3.0,1.0,76.88,Not Placed,0,0.0,0
STU1574,CIVIL,72.97,89.95,80.81,0.0,0.0,55.15,Placed,1,4.66,1
STU1575,IT,84.0,63.0,73.78,1.0,1.0,79.4,Placed,2,5.69,1
STU1576,AIDS,59.84,66.82,71.99,0.0,0.0,81.67,Placed,1,4.33,1
STU1577,CSE,65.46,77.53,63.72,3.0,1.0,69.23,Placed,3,5.94,1
STU1578,AIDS,65.32,54.85,62.33,1.0,0.0,75.34,Not Placed,0,0.0,0
STU1579,EEE,85.5,78.32,66.42,2.0,0.0,75.12,Placed,2,4.54,1
STU1580,ECE,93.11,89.28,89.45,0.0,0.0,87.83,Placed,1,7.1,1
STU1581,EEE,74.96,71.85,75.53,1.0,2.0,76.29,Placed,4,5.96,1
STU1582,AIDS,74.31,100.0,84.98,2.0,1.0,69.56,Placed,2,5.28,1
STU1583,EEE,76.7,55.83,66.4,0.0,0.0,90.84,Not Placed,0,0.0,0
STU1584,ECE,87.62,88.02,84.79,4.0,1.0,91.03,Placed,1,7.07,1
STU1585,CIVIL,66.73,66.3,79.39,1.0,2.0,69.91,Placed,3,3.04,1
STU1586,ECE,78.38,80.99,73.5,3.0,0.0,83.91,Placed,2,7.24,1
STU1587,CSE,85.75,81.0,79.47,4.0,2.0,86.85,Placed,3,5.36,1
STU1588,CSE,81.01,67.12,63.16,2.0,1.0,86.13,Not Placed,0,0.0,0
STU1589,CSE,77.9,75.34,66.69,2.0,3.0,64.02,Not Placed,0,0.0,0
STU1590,CSE,86.01,72.28,71.23,0.0,0.0,91.16,Placed,1,4.36,1
STU1591,CSE,48.97,66.07,69.09,1.0,2.0,64.01,Placed,1,4.27,1
STU1592,CIVIL,82.78,78.23,74.3,2.0,1.0,77.75,Placed,2,4.78,1
STU1593,CSE,69.46,75.64,68.9,1.0,1.0,100.0,Placed,1,7.25,1
STU1594,ECE,57.69,74.54,63.03,1.0,1.0,74.91,Placed,2,3.87,1
STU1595,AIDS,81.11,78.18,71.47,3.0,3.0,76.91,Placed,1,5.84,1
STU1596,EEE,89.74,79.86,81.72,3.0,2.0,63.56,Placed,3,5.61,1
STU1597,CIVIL,74.63,62.77,56.11,3.0,0.0,90.63,Placed,1,3.67,1
STU1598,CSE,85.53,69.37,84.46,4.0,0.0,69.83,Placed,1,5.56,1
STU1599,CSE,92.12,91.32,78.88,3.0,0.0,75.21,Placed,1,7.24,1
STU1600,CSE,89.15,92.48,89.35,5.0,1.0,80.22,Placed,1,7.58,1
STU1601,CSE,92.4,77.2,69.2,7.0,1.0,97.09,Placed,2,5.82,1
STU1602,ECE,83.42,76.0,81.15,1.0,0.0,88.16,Placed,1,5.72,1
STU1603,CSE,76.75,63.49,74.46,0.0,1.0,77.44,Placed,2,3.36,1
STU1604,CSE,59.98,76.72,70.92,0.0,1.0,75.77,Placed,1,6.05,1
STU1605,CSE,73.54,77.75,64.99,5.0,4.0,72.34,Not Placed,0,0.0,0
STU1606,EEE,67.57,87.82,76.38,4.0,1.0,76.91,Placed,5,5.69,1
STU1607,CSE,97.71,73.19,70.35,3.0,2.0,86.86,Placed,2,5.64,1
STU1608,ECE,74.24,67.63,67.63,1.0,0.0,86.7,Placed,3,2.74,1
STU1609,EEE,77.23,75.07,81.54,5.0,2.0,87.74,Placed,2,5.95,1
STU1610,CIVIL,81.51,81.15,83.31,7.0,1.0,84.98,Placed,2,8.55,1
STU1611,CSE,76.44,70.24,71.46,2.0,2.0,75.49,Placed,3,5.94,1
STU1612,IT,92.95,71.1,69.62,4.0,0.0,91.21,Placed,1,6.79,1
STU1613,CIVIL,69.77,78.21,76.96,2.0,0.0,75.59,Placed,2,5.48,1
STU1614,CSE,77.95,80.29,75.54,1.0,2.0,69.54,Placed,1,3.12,1
STU1615,IT,68.58,59.7,46.33,2.0,2.0,72.37,Not Placed,0,0.0,0
STU1616,AIDS,62.8,79.81,76.18,2.0,2.0,74.74,Placed,3,5.74,1
STU1617,CSE,69.88,81.15,72.67,6.0,3.0,84.65,Placed,4,6.76,1
STU1618,ECE,75.63,73.38,81.77,1.0,3.0,76.82,Placed,5,6.81,1
STU1619,IT,71.71,71.06,61.21,1.0,0.0,66.21,Placed,1,4.23,1
STU1620,IT,69.08,74.62,44.88,0.0,1.0,76.69,Not Placed,0,0.0,0
STU1621,CSE,61.94,57.25,63.95,0.0,1.0,74.7,Placed,1,3.0,1
STU1622,CSE,75.17,72.13,73.89,1.0,0.0,79.98,Placed,3,4.93,1
STU1623,ECE,60.95,72.28,43.17,2.0,0.0,81.61,Not Placed,0,0.0,0
STU1624,EEE,83.6,84.38,70.97,4.0,1.0,90.43,Placed,1,6.0,1
STU1625,MECH,76.82,56.96,88.86,0.0,1.0,73.54,Not Placed,0,0.0,0
STU1626,ECE,61.42,80.68,67.29,2.0,0.0,67.95,Placed,1,5.39,1
STU1627,EEE,72.91,67.51,74.99,0.0,0.0,68.16,Placed,2,4.42,1
STU1628,IT,68.48,66.7,62.11,0.0,0.0,82.26,Not Placed,0,0.0,0
STU1629,CSE,79.19,67.36,54.57,2.0,0.0,92.76,Not Placed,0,0.0,0
STU1630,ECE,89.4,75.35,76.3,3.0,1.0,80.46,Placed,2,4.97,1
STU1631,CIVIL,57.25,77.95,65.19,0.0,0.0,69.86,Placed,1,4.95,1
STU1632,AIDS,77.15,47.84,60.55,1.0,0.0,92.2,Placed,1,2.94,1
STU1633,EEE,74.4,84.25,74.61,1.0,0.0,82.59,Placed,4,5.3,1
STU1634,MECH,82.71,78.6,78.57,4.0,4.0,84.88,Placed,1,6.39,1
STU1635,CSE,78.13,61.09,67.53,3.0,1.0,68.63,Not Placed,0,0.0,0
STU1636,EEE,68.48,58.06,54.18,2.0,1.0,82.08,Placed,1,4.17,1
STU1637,MECH,72.81,87.53,80.01,1.0,1.0,69.12,Placed,3,4.56,1
STU1638,ECE,68.04,59.16,48.93,1.0,1.0,65.61,Not Placed,0,0.0,0
STU1639,ECE,86.76,65.51,56.89,5.0,1.0,79.25,Placed,2,5.04,1
STU1640,ECE,76.21,83.67,81.87,4.0,2.0,73.4,Placed,2,7.58,1
STU1641,CSE,95.01,84.14,86.76,5.0,2.0,83.26,Placed,2,7.4,1
STU1642,ECE,75.39,62.55,67.82,0.0,2.0,65.42,Placed,1,3.78,1
STU1643,CSE,68.92,71.18,57.87,4.0,1.0,84.75,Not Placed,0,0.0,0
STU1644,ECE,60.86,55.13,54.93,1.0,1.0,83.45,Placed,1,3.23,1
STU1645,CSE,57.97,75.09,64.47,1.0,1.0,54.76,Placed,1,4.64,1
STU1646,AIDS,60.16,75.69,54.78,1.0,0.0,81.86,Not Placed,0,0.0,0
STU1647,MECH,78.67,78.72,69.18,0.0,2.0,72.24,Placed,2,5.94,1
STU1648,CIVIL,81.09,78.11,80.94,5.0,0.0,88.09,Placed,1,7.75,1
STU1649,IT,60.19,82.7,81.43,1.0,1.0,72.45,Placed,2,3.96,1
STU1650,EEE,84.95,76.22,73.06,2.0,3.0,81.99,Placed,2,6.37,1
STU1651,CSE,71.17,58.21,71.33,2.0,1.0,75.24,Not Placed,0,0.0,0
STU1652,MECH,77.47,77.36,58.88,5.0,1.0,90.02,Placed,3,5.79,1
STU1653,MECH,92.12,100.0,92.52,5.0,2.0,73.09,Placed,4,7.95,1
STU1654,IT,84.97,66.09,66.44,3.0,0.0,87.21,Placed,1,5.37,1
STU1655,EEE,73.31,67.38,71.7,2.0,0.0,87.57,Placed,1,4.71,1
STU1656,CSE,67.09,72.35,66.82,2.0,0.0,81.93,Placed,2,3.79,1
STU1657,ECE,54.48,61.98,71.32,0.0,0.0,91.99,Placed,1,4.38,1
STU1658,ECE,68.81,59.14,57.79,2.0,0.0,71.32,Not Placed,0,0.0,0
STU1659,CIVIL,73.89,72.28,79.75,1.0,1.0,86.48,Not Placed,0,0.0,0
STU1660,MECH,66.13,90.96,72.74,1.0,1.0,74.19,Placed,1,6.43,1
STU1661,ECE,74.69,73.57,70.62,0.0,2.0,89.24,Not Placed,0,0.0,0
STU1662,AIDS,76.77,63.51,67.62,6.0,1.0,78.8,Not Placed,0,0.0,0
STU1663,MECH,73.75,55.7,58.54,2.0,1.0,74.32,Not Placed,0,0.0,0
STU1664,CSE,69.5,71.85,69.36,6.0,0.0,88.08,Placed,2,5.43,1
STU1665,CSE,77.69,84.0,76.09,3.0,1.0,74.77,Not Placed,0,0.0,0
STU1666,CSE,80.42,78.94,77.71,1.0,1.0,67.43,Placed,1,6.63,1
STU1667,ECE,65.1,67.27,67.0,1.0,1.0,70.13,Placed,1,4.2,1
STU1668,CSE,90.11,72.66,83.35,3.0,0.0,89.11,Placed,1,6.49,1
STU1669,CSE,75.01,60.83,74.94,2.0,0.0,90.78,Placed,1,3.25,1
STU1670,ECE,76.19,80.63,66.48,5.0,0.0,79.67,Placed,3,7.88,1
STU1671,CSE,83.08,84.52,85.61,0.0,1.0,92.94,Placed,1,6.18,1
STU1672,AIDS,78.33,57.79,58.15,1.0,1.0,67.19,Placed,1,3.41,1
STU1673,CSE,85.53,92.39,86.97,2.0,1.0,77.95,Not Placed,0,0.0,0
STU1674,MECH,78.87,79.23,80.29,3.0,1.0,77.01,Placed,4,5.76,1
STU1675,EEE,69.88,83.44,58.37,2.0,2.0,75.43,Placed,4,4.4,1
STU1676,AIDS,79.62,60.41,69.75,3.0,1.0,80.62,Placed,2,3.71,1
STU1677,CSE,64.56,53.39,57.54,1.0,0.0,80.82,Placed,1,3.47,1
STU1678,ECE,77.09,71.2,65.83,2.0,1.0,74.98,Placed,1,5.09,1
STU1679,AIDS,75.67,77.08,84.27,2.0,0.0,79.73,Not Placed,0,0.0,0
STU1680,IT,73.92,89.23,71.87,2.0,3.0,77.47,Placed,3,6.61,1
STU1681,IT,74.71,78.68,67.24,3.0,1.0,69.82,Placed,4,5.33,1
STU1682,ECE,57.18,61.3,62.08,0.0,0.0,70.99,Placed,1,3.46,1
STU1683,CSE,70.51,59.47,70.98,1.0,3.0,75.39,Not Placed,0,0.0,0
STU1684,CIVIL,76.93,84.92,75.51,1.0,0.0,77.44,Placed,1,4.45,1
STU1685,AIDS,77.6,63.27,78.64,2.0,3.0,79.45,Placed,1,5.06,1
STU1686,MECH,65.72,83.86,76.6,3.0,2.0,75.68,Placed,3,6.21,1
STU1687,MECH,88.66,75.05,59.87,4.0,1.0,79.14,Placed,1,4.92,1
STU1688,ECE,67.34,84.21,68.81,2.0,0.0,87.02,Placed,1,5.77,1
STU1689,IT,85.69,83.35,74.67,2.0,1.0,71.47,Placed,4,5.8,1
STU1690,CSE,80.27,72.75,77.39,4.0,2.0,73.61,Placed,1,5.79,1
STU1691,ECE,69.54,64.1,45.77,2.0,0.0,100.0,Placed,1,4.21,1
STU1692,EEE,93.75,76.78,100.0,2.0,2.0,75.47,Placed,2,7.42,1
STU1693,EEE,64.06,71.11,71.56,0.0,1.0,62.24,Not Placed,0,0.0,0
STU1694,ECE,85.19,77.11,78.0,2.0,0.0,88.43,Placed,1,6.53,1
STU1695,CSE,86.01,70.76,84.32,3.0,0.0,63.41,Placed,1,7.5,1
STU1696,MECH,69.29,67.53,86.64,1.0,0.0,74.14,Placed,1,5.93,1
STU1697,ECE,89.92,79.25,86.18,4.0,4.0,100.0,Placed,1,6.02,1
STU1698,MECH,73.5,49.79,70.74,2.0,2.0,63.82,Not Placed,0,0.0,0
STU1699,CSE,78.89,78.08,75.98,2.0,2.0,61.77,Placed,2,4.6,1
STU1700,EEE,78.6,63.57,68.63,0.0,3.0,66.02,Placed,3,4.51,1
STU1701,MECH,76.21,60.06,63.35,1.0,1.0,86.22,Not Placed,0,0.0,0
STU1702,CSE,84.11,58.98,63.47,2.0,0.0,91.56,Placed,1,3.76,1
STU1703,ECE,83.93,57.83,64.12,1.0,1.0,76.76,Placed,3,4.74,1
STU1704,CSE,58.51,50.78,47.45,0.0,0.0,78.63,Placed,1,3.19,1
STU1705,CSE,89.04,70.98,75.4,0.0,1.0,95.68,Placed,1,5.11,1
STU1706,AIDS,59.38,84.25,56.79,0.0,1.0,88.87,Not Placed,0,0.0,0
STU1707,ECE,86.33,71.59,76.8,3.0,0.0,80.0,Placed,3,6.73,1
STU1708,IT,87.27,79.05,77.92,2.0,0.0,61.83,Placed,2,7.0,1
STU1709,ECE,65.09,71.3,68.91,4.0,0.0,67.39,Placed,2,2.99,1
STU1710,CIVIL,71.89,71.66,66.07,3.0,0.0,73.32,Not Placed,0,0.0,0
STU1711,IT,64.94,66.45,90.6,0.0,2.0,72.4,Placed,2,3.91,1
STU1712,MECH,73.85,59.28,77.48,0.0,0.0,76.16,Not Placed,0,0.0,0
STU1713,EEE,72.92,85.32,65.43,3.0,1.0,87.59,Placed,3,6.93,1
STU1714,EEE,83.8,93.78,84.01,1.0,3.0,92.8,Placed,2,8.17,1
STU1715,ECE,89.1,61.27,67.77,3.0,1.0,81.64,Placed,2,5.54,1
STU1716,AIDS,89.96,68.24,67.25,2.0,0.0,93.37,Placed,2,5.22,1
STU1717,IT,70.38,66.87,57.32,0.0,0.0,79.85,Placed,3,3.9,1
STU1718,AIDS,73.91,61.61,70.89,2.0,1.0,78.45,Placed,1,5.26,1
STU1719,CSE,59.17,69.68,59.65,0.0,0.0,80.87,Not Placed,0,0.0,0
STU1720,IT,67.94,61.29,72.97,2.0,1.0,76.43,Placed,1,4.82,1
STU1721,AIDS,85.65,98.19,92.29,3.0,1.0,100.0,Placed,3,9.08,1
STU1722,CSE,92.16,91.38,95.23,2.0,2.0,71.31,Placed,2,6.65,1
STU1723,CSE,76.21,68.77,59.53,0.0,0.0,69.64,Placed,1,3.91,1
STU1724,IT,70.08,79.8,76.26,2.0,0.0,75.39,Placed,1,6.3,1
STU1725,MECH,75.74,83.14,80.67,2.0,0.0,82.46,Placed,2,6.09,1
STU1726,IT,78.8,67.82,67.52,4.0,0.0,90.99,Placed,1,5.87,1
STU1727,CSE,67.9,60.39,58.73,0.0,2.0,75.55,Placed,1,4.71,1
STU1728,IT,80.24,74.89,87.17,5.0,2.0,67.28,Placed,4,5.97,1
STU1729,CSE,71.26,78.68,72.0,2.0,1.0,84.52,Placed,2,4.63,1
STU1730,CSE,75.86,73.53,77.37,4.0,1.0,85.34,Placed,1,5.11,1
STU1731,CSE,81.46,58.89,62.55,1.0,2.0,63.04,Placed,3,3.21,1
STU1732,IT,76.06,64.2,59.34,3.0,0.0,78.59,Placed,3,2.54,1
STU1733,CIVIL,71.64,69.5,64.84,1.0,3.0,62.76,Placed,3,5.96,1
STU1734,MECH,74.9,70.95,70.06,3.0,1.0,72.23,Placed,1,3.27,1
STU1735,ECE,75.12,91.53,69.81,2.0,1.0,70.17,Placed,3,7.79,1
STU1736,IT,72.3,56.68,65.06,1.0,0.0,84.59,Placed,1,3.51,1
STU1737,ECE,73.41,76.09,58.82,3.0,4.0,78.75,Placed,4,5.39,1
STU1738,IT,91.99,94.29,76.23,3.0,0.0,72.62,Not Placed,0,0.0,0
STU1739,EEE,81.61,97.44,88.03,4.0,0.0,88.48,Placed,5,5.75,1
STU1740,ECE,73.05,66.83,73.79,1.0,0.0,64.66,Placed,1,4.9,1
STU1741,EEE,82.97,80.25,73.99,1.0,2.0,84.01,Placed,1,5.73,1
STU1742,ECE,72.66,76.4,64.03,0.0,2.0,70.11,Placed,3,5.02,1
STU1743,IT,87.73,79.43,70.29,3.0,0.0,79.41,Placed,2,4.9,1
STU1744,EEE,79.7,72.87,70.41,3.0,1.0,84.43,Placed,1,6.01,1
STU1745,CSE,74.93,76.08,78.01,4.0,1.0,82.92,Placed,2,5.12,1
STU1746,AIDS,80.48,48.89,72.71,1.0,0.0,92.2,Placed,1,4.3,1
STU1747,ECE,60.29,71.95,62.31,1.0,2.0,72.36,Placed,2,5.09,1
STU1748,MECH,64.73,68.39,57.37,3.0,1.0,77.41,Placed,1,5.94,1
STU1749,AIDS,64.06,64.6,67.17,1.0,0.0,70.48,Placed,1,4.91,1
STU1750,CIVIL,77.43,93.31,73.17,5.0,2.0,80.74,Placed,5,6.97,1
STU1751,CSE,93.33,73.25,74.15,5.0,0.0,88.62,Placed,3,6.01,1
STU1752,AIDS,98.0,78.07,92.23,3.0,0.0,85.42,Placed,1,6.98,1
STU1753,CIVIL,82.38,94.99,88.7,2.0,1.0,64.6,Placed,1,7.56,1
STU1754,ECE,81.01,66.13,72.76,3.0,3.0,83.34,Placed,2,4.97,1
STU1755,CSE,57.99,58.59,50.63,0.0,0.0,75.58,Placed,1,4.01,1
STU1756,IT,70.57,68.29,70.29,0.0,2.0,70.58,Placed,3,3.85,1
STU1757,CIVIL,68.12,77.06,79.32,2.0,2.0,64.28,Placed,2,6.05,1
STU1758,MECH,69.79,71.48,66.44,0.0,1.0,89.71,Placed,2,5.41,1
STU1759,AIDS,74.32,58.52,77.3,0.0,0.0,82.43,Not Placed,0,0.0,0
STU1760,IT,71.28,64.75,77.95,1.0,1.0,74.89,Placed,1,4.22,1
STU1761,CSE,56.21,57.22,73.01,1.0,0.0,61.44,Placed,1,2.2,1
STU1762,ECE,83.48,74.79,77.84,3.0,0.0,73.82,Placed,2,5.32,1
STU1763,ECE,65.27,71.63,72.62,0.0,1.0,86.57,Placed,2,2.33,1
STU1764,IT,78.39,77.46,85.86,4.0,1.0,80.68,Placed,1,6.13,1
STU1765,CSE,96.74,63.77,79.76,3.0,1.0,80.9,Placed,1,4.45,1
STU1766,MECH,66.81,78.7,66.92,1.0,1.0,79.97,Not Placed,0,0.0,0
STU1767,IT,50.7,63.34,56.32,0.0,4.0,62.41,Placed,3,7.1,1
STU1768,IT,73.14,84.76,77.17,3.0,4.0,91.11,Placed,4,7.94,1
STU1769,ECE,87.01,81.6,68.69,4.0,3.0,94.63,Placed,2,6.73,1
STU1770,IT,95.58,92.03,84.52,5.0,2.0,81.26,Placed,3,8.89,1
STU1771,CSE,63.7,71.33,76.04,1.0,1.0,68.64,Placed,2,5.59,1
STU1772,IT,80.97,87.9,61.57,3.0,3.0,56.78,Placed,2,4.74,1
STU1773,CSE,71.35,75.33,83.61,1.0,0.0,63.64,Placed,2,4.57,1
STU1774,ECE,74.94,70.74,79.97,4.0,1.0,66.17,Not Placed,0,0.0,0
STU1775,IT,98.0,100.0,85.62,5.0,0.0,87.52,Placed,4,8.72,1
STU1776,CSE,60.97,74.33,71.7,0.0,3.0,70.4,Placed,2,4.17,1
STU1777,CSE,78.54,79.08,75.19,0.0,2.0,67.38,Placed,4,5.93,1
STU1778,IT,80.68,61.54,79.62,2.0,0.0,78.015,Placed,1,5.61,1
STU1779,IT,86.86,64.2,80.73,4.0,0.0,86.95,Placed,1,5.32,1
STU1780,CIVIL,76.98,75.57,62.19,2.0,1.0,83.69,Placed,1,5.33,1
STU1781,CIVIL,79.08,75.04,78.64,6.0,0.0,62.58,Placed,5,6.56,1
STU1782,MECH,72.08,64.3,66.09,2.0,2.0,76.07,Placed,2,5.59,1
STU1783,ECE,78.69,74.82,74.39,5.0,1.0,67.09,Placed,3,6.16,1
STU1784,ECE,72.57,86.54,69.86,6.0,1.0,85.51,Placed,2,6.36,1
STU1785,CSE,82.22,81.95,91.44,2.0,2.0,87.83,Placed,2,7.43,1
STU1786,AIDS,72.3,59.13,74.32,1.0,1.0,69.22,Placed,1,2.42,1
STU1787,MECH,79.77,72.78,67.48,2.0,0.0,73.03,Placed,2,6.4,1
STU1788,EEE,75.71,64.02,58.23,0.0,2.0,74.35,Placed,2,4.18,1
STU1789,EEE,87.26,73.39,73.14,1.0,2.0,62.27,Placed,1,4.67,1
STU1790,AIDS,75.49,67.83,73.64,2.0,0.0,81.44,Not Placed,0,0.0,0
STU1791,CSE,58.27,59.44,63.12,0.0,0.0,69.94,Not Placed,0,0.0,0
STU1792,MECH,88.62,65.33,83.91,2.0,0.0,91.75,Placed,2,6.21,1
STU1793,EEE,66.94,66.85,73.15,4.0,1.0,65.54,Placed,1,5.53,1
STU1794,MECH,69.46,63.65,74.35,1.0,0.0,70.74,Placed,1,3.44,1
STU1795,CSE,70.04,40.23,61.21,2.0,0.0,62.96,Not Placed,0,0.0,0
STU1796,IT,89.74,98.91,74.92,2.0,3.0,74.37,Placed,5,7.11,1
STU1797,AIDS,54.64,73.48,63.28,2.0,0.0,60.49,Not Placed,0,0.0,0
STU1798,MECH,98.0,78.34,90.2,6.0,1.0,95.26,Placed,1,7.35,1
STU1799,CIVIL,86.56,77.14,76.88,2.0,2.0,76.01,Placed,1,5.99,1
STU1800,AIDS,78.23,61.49,72.93,5.0,0.0,80.5,Placed,1,6.68,1
STU1801,CIVIL,75.45,88.91,74.98,1.0,3.0,74.98,Placed,3,6.33,1
STU1802,CSE,78.86,92.46,71.72,3.0,2.0,68.17,Placed,2,6.26,1
STU1803,MECH,81.21,76.11,74.08,1.0,0.0,78.91,Placed,2,4.62,1
STU1804,MECH,82.45,85.34,81.2,2.0,0.0,86.25,Placed,2,5.4,1
STU1805,EEE,81.56,76.45,70.06,2.0,1.0,69.67,Placed,2,5.76,1
STU1806,IT,76.9,59.24,65.76,1.0,1.0,86.2,Placed,2,4.01,1
STU1807,AIDS,74.03,67.19,61.91,0.0,0.0,70.26,Not Placed,0,0.0,0
STU1808,AIDS,74.49,72.84,80.52,0.0,1.0,73.72,Placed,3,5.07,1
STU1809,EEE,74.05,66.78,66.93,0.0,2.0,82.69,Placed,3,5.04,1
STU1810,CSE,87.34,75.12,88.48,3.0,0.0,76.6,Placed,1,6.14,1
STU1811,AIDS,81.94,73.96,86.79,5.0,4.0,81.02,Placed,5,7.11,1
STU1812,IT,46.6,58.16,56.02,1.0,1.0,65.48,Placed,2,3.37,1
STU1813,CSE,82.56,75.67,67.31,4.0,0.0,82.06,Placed,1,6.1,1
STU1814,AIDS,77.95,62.47,52.46,2.0,3.0,57.85,Placed,2,6.92,1
STU1815,IT,75.81,64.95,57.49,1.0,0.0,62.07,Not Placed,0,0.0,0
STU1816,EEE,72.11,57.61,54.41,0.0,0.0,82.78,Not Placed,0,0.0,0
STU1817,MECH,87.24,87.04,72.0,3.0,1.0,91.87,Placed,2,8.4,1
STU1818,ECE,85.48,55.41,70.24,2.0,1.0,73.72,Placed,1,4.19,1
STU1819,CSE,68.27,80.26,75.1,3.0,3.0,73.7,Placed,1,7.27,1
STU1820,ECE,80.07,87.9,61.02,7.0,3.0,82.68,Placed,1,5.68,1
STU1821,IT,66.28,64.81,56.3,1.0,0.0,81.44,Placed,1,3.38,1
STU1822,CSE,62.2,39.96,62.85,0.0,0.0,55.52,Not Placed,0,0.0,0
STU1823,ECE,69.73,65.77,69.72,0.0,0.0,68.43,Not Placed,0,0.0,0
STU1824,ECE,84.62,75.44,74.84,2.0,1.0,78.63,Placed,3,6.38,1
STU1825,MECH,85.53,66.38,77.69,1.0,1.0,88.26,Placed,1,6.09,1
STU1826,AIDS,81.13,69.36,85.76,2.0,0.0,100.0,Placed,1,6.44,1
STU1827,ECE,83.25,90.76,79.14,1.0,2.0,79.09,Not Placed,0,0.0,0
STU1828,ECE,81.16,81.17,77.37,3.0,2.0,67.74,Placed,1,5.53,1
STU1829,IT,69.59,60.07,66.92,0.0,1.0,79.98,Placed,1,3.63,1
STU1830,EEE,80.32,58.17,87.61,3.0,0.0,92.0,Not Placed,0,0.0,0
STU1831,CSE,84.0,72.53,57.99,4.0,1.0,82.37,Placed,2,5.37,1
STU1832,EEE,83.54,73.46,80.42,3.0,0.0,73.08,Placed,1,5.35,1
STU1833,CSE,87.89,82.51,78.72,2.0,1.0,91.38,Placed,5,7.27,1
STU1834,CSE,83.08,70.03,78.13,1.0,3.0,87.05,Not Placed,0,0.0,0
STU1835,EEE,79.51,78.9,70.18,6.0,0.0,70.6,Placed,2,5.46,1
STU1836,EEE,86.7,96.37,83.68,3.0,2.0,85.78,Placed,5,7.09,1
STU1837,AIDS,75.73,80.24,80.28,0.0,3.0,87.48,Placed,2,4.59,1
STU1838,ECE,67.18,67.75,92.13,1.0,0.0,86.15,Placed,2,6.29,1
STU1839,MECH,74.37,69.63,76.87,1.0,1.0,77.43,Placed,1,5.49,1
STU1840,CIVIL,68.55,65.28,60.06,3.0,1.0,72.77,Placed,2,2.2,1
STU1841,CSE,69.25,80.97,69.19,1.0,1.0,87.28,Not Placed,0,0.0,0
STU1842,CIVIL,74.55,65.28,65.31,1.0,1.0,67.2,Not Placed,0,0.0,0
STU1843,CSE,68.08,69.09,53.64,0.0,1.0,79.77,Placed,2,4.57,1
STU1844,AIDS,72.92,71.33,67.85,1.0,1.0,65.19,Placed,3,4.31,1
STU1845,CSE,57.06,58.66,66.37,0.0,0.0,81.56,Not Placed,0,0.0,0
STU1846,EEE,78.13,59.44,57.95,2.0,0.0,77.02,Placed,1,4.8,1
STU1847,CSE,76.01,75.44,81.39,3.0,1.0,90.02,Placed,1,5.94,1
STU1848,AIDS,67.83,67.91,71.41,1.0,2.0,80.16,Placed,2,4.21,1
STU1849,EEE,82.59,80.17,71.09,3.0,2.0,69.9,Placed,2,7.64,1
STU1850,MECH,85.38,71.08,73.63,0.0,2.0,94.7,Placed,2,7.23,1
STU1851,CSE,59.92,77.17,80.77,0.0,2.0,86.93,Placed,1,5.42,1
STU1852,IT,68.37,60.0,70.8,0.0,2.0,83.87,Not Placed,0,0.0,0
STU1853,CSE,68.31,85.86,74.03,0.0,3.0,69.05,Placed,1,6.21,1
STU1854,AIDS,66.6,50.49,59.08,2.0,1.0,72.56,Placed,1,3.13,1
STU1855,CSE,84.29,80.28,78.21,2.0,0.0,82.81,Placed,1,4.16,1
STU1856,CSE,74.06,76.08,68.46,5.0,1.0,71.59,Not Placed,0,0.0,0
STU1857,CSE,73.35,63.05,50.91,1.0,1.0,92.91,Placed,2,5.49,1
STU1858,EEE,55.96,67.43,79.52,0.0,1.0,72.89,Not Placed,0,0.0,0
STU1859,MECH,82.35,87.85,80.82,2.0,1.0,56.49,Placed,1,5.27,1
STU1860,CSE,63.61,44.46,61.01,0.0,0.0,77.32,Placed,1,4.23,1
STU1861,IT,76.6,77.5,73.47,0.0,4.0,75.68,Placed,1,6.59,1
STU1862,EEE,78.77,48.52,58.67,0.0,0.0,78.9,Not Placed,0,0.0,0
STU1863,MECH,89.61,68.67,73.91,1.0,1.0,80.04,Not Placed,0,0.0,0
STU1864,EEE,62.91,82.6,58.13,2.0,0.0,81.28,Not Placed,0,0.0,0
STU1865,EEE,45.8,52.79,72.73,0.0,0.0,78.11,Placed,1,3.72,1
STU1866,MECH,77.84,61.29,58.82,3.0,0.0,81.79,Not Placed,0,0.0,0
STU1867,CSE,94.01,78.32,72.06,7.0,2.0,81.85,Placed,2,6.69,1
STU1868,CSE,88.39,98.45,81.87,2.0,0.0,82.56,Placed,3,7.59,1
STU1869,IT,78.1,54.83,76.83,1.0,0.0,79.51,Not Placed,0,0.0,0
STU1870,AIDS,71.08,59.47,65.81,2.0,3.0,69.66,Placed,1,3.73,1
STU1871,ECE,84.07,90.81,71.32,2.0,4.0,86.64,Placed,2,8.29,1
STU1872,ECE,66.26,86.4,83.47,1.0,1.0,79.33,Placed,3,6.18,1
STU1873,CIVIL,80.76,73.31,79.77,3.0,0.0,94.13,Placed,1,7.33,1
STU1874,EEE,81.05,62.08,74.41,1.0,3.0,91.67,Placed,3,5.35,1
STU1875,CSE,86.6,97.93,90.31,0.0,0.0,76.14,Placed,2,6.93,1
STU1876,CSE,98.0,98.04,100.0,4.0,0.0,93.68,Placed,5,8.35,1
STU1877,CIVIL,79.92,80.76,93.72,2.0,1.0,71.41,Placed,2,6.96,1
STU1878,CIVIL,70.91,61.79,60.95,0.0,1.0,83.08,Placed,1,5.97,1
STU1879,CSE,75.74,71.59,84.56,4.0,2.0,73.86,Placed,1,5.61,1
STU1880,CSE,58.31,62.64,65.4,2.0,1.0,63.2,Placed,1,3.94,1
STU1881,CSE,69.05,72.38,73.5,2.0,2.0,78.69,Placed,1,5.39,1
STU1882,CIVIL,71.91,84.87,61.33,0.0,1.0,53.1,Placed,1,2.46,1
STU1883,CSE,70.76,78.64,70.93,4.0,2.0,61.01,Placed,2,5.05,1
STU1884,CSE,77.52,62.11,62.37,0.0,0.0,77.54,Not Placed,0,0.0,0
STU1885,IT,67.78,82.26,79.14,2.0,1.0,76.46,Placed,2,5.31,1
STU1886,CSE,87.21,80.38,87.22,1.0,2.0,79.2,Placed,1,9.11,1
STU1887,CIVIL,76.0,79.07,57.68,4.0,1.0,64.39,Placed,2,5.37,1
STU1888,CSE,75.91,86.82,76.78,4.0,0.0,71.21,Not Placed,0,0.0,0
STU1889,CSE,72.72,59.61,75.29,4.0,2.0,80.97,Placed,1,5.73,1
STU1890,ECE,77.55,72.54,71.04,4.0,1.0,84.38,Placed,2,4.14,1
STU1891,IT,84.25,70.6,80.03,0.0,0.0,81.34,Placed,1,5.17,1
STU1892,IT,67.33,52.62,64.79,3.0,1.0,85.98,Not Placed,0,0.0,0
STU1893,IT,69.42,72.71,72.48,0.0,0.0,79.87,Not Placed,0,0.0,0
STU1894,ECE,72.96,95.95,76.95,0.0,0.0,70.81,Placed,3,6.84,1
STU1895,CIVIL,62.54,47.74,48.87,1.0,0.0,71.36,Placed,1,5.21,1
STU1896,CSE,67.81,68.19,58.63,2.0,0.0,63.11,Placed,2,3.36,1
STU1897,ECE,71.24,76.46,77.37,5.0,4.0,75.96,Placed,4,4.67,1
STU1898,AIDS,84.74,77.37,76.89,3.0,0.0,91.67,Placed,2,5.18,1
STU1899,CSE,78.63,72.25,71.7,0.0,1.0,85.69,Placed,3,4.41,1
STU1900,CSE,77.94,60.08,64.91,1.0,0.0,91.9,Placed,1,3.63,1
STU1901,CSE,84.51,78.36,74.56,2.0,0.0,78.85,Placed,1,6.51,1
STU1902,CSE,74.63,64.01,76.9,2.0,1.0,90.23,Not Placed,0,0.0,0
STU1903,CSE,79.9,52.06,63.5,0.0,0.0,78.23,Not Placed,0,0.0,0
STU1904,MECH,74.97,83.68,64.8,2.0,2.0,91.48,Placed,1,6.26,1
STU1905,EEE,78.65,82.98,82.52,0.0,1.0,79.33,Placed,3,4.82,1
STU1906,AIDS,70.17,70.09,67.45,2.0,0.0,82.93,Placed,1,6.2,1
STU1907,IT,51.61,63.52,60.55,0.0,1.0,83.34,Not Placed,0,0.0,0
STU1908,ECE,74.66,82.34,87.81,6.0,4.0,76.39,Placed,2,9.2,1
STU1909,ECE,90.23,80.85,79.71,1.0,0.0,85.55,Not Placed,0,0.0,0
STU1910,ECE,85.26,85.41,82.05,8.0,1.0,93.44,Placed,3,5.63,1
STU1911,MECH,85.65,73.57,66.3,3.0,0.0,80.78,Placed,5,6.44,1
STU1912,ECE,88.36,90.88,80.98,3.0,1.0,71.04,Placed,3,6.49,1
STU1913,CIVIL,76.89,75.81,78.32,0.0,0.0,98.2,Placed,1,4.59,1
STU1914,EEE,77.97,75.03,61.11,2.0,0.0,75.06,Placed,2,3.35,1
STU1915,MECH,69.82,56.72,65.9,2.0,1.0,77.87,Placed,2,3.67,1
STU1916,EEE,72.84,73.65,72.08,1.0,2.0,87.9,Placed,2,4.98,1
STU1917,ECE,82.16,66.65,72.41,2.0,0.0,75.28,Placed,2,5.05,1
STU1918,AIDS,88.04,71.23,84.04,1.0,0.0,73.74,Placed,3,7.62,1
STU1919,IT,74.61,63.42,70.98,0.0,2.0,80.4,Placed,1,4.3,1
STU1920,CSE,71.5,59.51,77.68,0.0,0.0,60.89,Placed,1,2.71,1
STU1921,IT,76.01,93.45,71.36,4.0,3.0,76.01,Placed,1,6.48,1
STU1922,EEE,82.01,88.22,80.67,4.0,0.0,82.91,Placed,2,7.56,1
STU1923,AIDS,61.56,84.91,71.94,0.0,3.0,71.12,Placed,2,5.39,1
STU1924,IT,53.04,49.64,47.38,1.0,0.0,56.67,Not Placed,0,0.0,0
STU1925,EEE,70.49,70.44,76.98,7.0,1.0,91.02,Placed,2,6.71,1
STU1926,CSE,63.79,53.77,79.74,0.0,0.0,75.26,Placed,1,4.18,1
STU1927,ECE,70.92,62.96,66.72,3.0,1.0,89.7,Placed,3,4.93,1
STU1928,MECH,74.52,62.35,71.95,2.0,1.0,75.74,Not Placed,0,0.0,0
STU1929,CIVIL,71.47,82.56,74.58,2.0,2.0,69.09,Not Placed,0,0.0,0
STU1930,ECE,90.52,74.77,72.15,4.0,3.0,86.11,Placed,5,8.0,1
STU1931,CSE,79.27,84.35,62.7,1.0,1.0,77.8,Placed,1,4.46,1
STU1932,IT,79.0,79.59,69.86,0.0,2.0,69.05,Placed,1,4.36,1
STU1933,AIDS,82.22,98.04,71.95,2.0,3.0,94.01,Placed,1,6.27,1
STU1934,MECH,64.61,52.28,74.55,1.0,0.0,69.01,Not Placed,0,0.0,0
STU1935,CSE,86.39,89.47,80.63,3.0,0.0,65.67,Placed,1,6.61,1
STU1936,ECE,75.24,83.32,72.73,2.0,1.0,90.29,Placed,2,6.02,1
STU1937,CSE,82.7,65.48,78.98,1.0,2.0,76.41,Placed,3,6.1,1
STU1938,AIDS,65.28,77.45,60.98,3.0,2.0,69.38,Placed,2,5.04,1
STU1939,CSE,60.46,68.57,59.03,1.0,0.0,57.27,Placed,3,3.54,1
STU1940,MECH,84.18,73.61,75.77,4.0,3.0,97.13,Not Placed,0,0.0,0
STU1941,ECE,79.76,72.28,79.13,4.0,0.0,68.31,Placed,2,5.51,1
STU1942,MECH,66.98,60.95,68.79,2.0,0.0,75.97,Not Placed,0,0.0,0
STU1943,CIVIL,67.3,88.78,76.62,1.0,1.0,83.77,Placed,1,7.68,1
STU1944,IT,87.25,77.27,78.21,2.0,0.0,86.33,Placed,2,4.68,1
STU1945,CSE,64.11,74.67,71.77,2.0,1.0,73.9,Placed,1,4.17,1
STU1946,CSE,92.43,71.68,79.05,2.0,2.0,69.03,Placed,2,5.89,1
STU1947,CSE,66.99,60.35,56.33,2.0,0.0,68.16,Placed,1,5.71,1
STU1948,AIDS,82.38,85.89,79.27,2.0,1.0,82.52,Not Placed,0,0.0,0
STU1949,IT,72.71,57.23,56.89,3.0,0.0,70.37,Placed,1,2.74,1
STU1950,MECH,82.03,70.76,74.13,3.0,1.0,82.54,Placed,3,5.56,1
STU1951,MECH,70.56,70.09,72.0,3.0,2.0,82.83,Placed,1,4.36,1
STU1952,CIVIL,74.37,72.58,91.75,1.0,1.0,86.69,Placed,1,6.35,1
STU1953,CSE,76.41,70.59,71.13,3.0,2.0,67.71,Placed,2,3.27,1
STU1954,AIDS,65.98,71.65,56.94,1.0,3.0,94.86,Placed,4,4.03,1
STU1955,EEE,83.41,82.46,76.98,6.0,2.0,88.1,Placed,2,8.15,1
STU1956,ECE,70.87,77.24,75.99,6.0,1.0,76.79,Placed,3,6.01,1
STU1957,EEE,73.71,61.31,80.65,3.0,0.0,87.61,Placed,1,4.36,1
STU1958,CSE,66.06,64.88,61.11,1.0,3.0,96.41,Placed,2,4.89,1
STU1959,CSE,50.38,72.62,50.39,0.0,0.0,56.68,Placed,1,3.25,1
STU1960,IT,74.09,80.29,80.57,3.0,0.0,75.9,Placed,2,6.35,1
STU1961,CSE,98.0,68.37,67.19,1.0,1.0,64.89,Not Placed,0,0.0,0
STU1962,MECH,83.85,79.25,73.59,3.0,2.0,83.08,Placed,4,4.1,1
STU1963,ECE,75.81,52.33,62.79,0.0,0.0,81.82,Not Placed,0,0.0,0
STU1964,ECE,73.37,71.49,70.14,0.0,2.0,77.33,Placed,1,4.04,1
STU1965,ECE,76.22,91.28,84.14,3.0,2.0,72.79,Placed,2,5.84,1
STU1966,ECE,81.47,65.18,65.86,2.0,0.0,62.07,Placed,2,5.03,1
STU1967,CIVIL,64.19,58.54,60.77,0.0,0.0,77.83,Placed,1,3.6,1
STU1968,ECE,87.14,84.85,80.09,3.0,0.0,95.6,Placed,3,7.94,1
STU1969,MECH,83.15,59.99,71.3,4.0,0.0,75.78,Placed,1,5.66,1
STU1970,EEE,83.18,69.1,74.08,5.0,1.0,85.07,Placed,1,5.45,1
STU1971,CIVIL,80.38,80.14,79.67,2.0,0.0,66.02,Placed,4,5.54,1
STU1972,AIDS,76.2,65.95,76.5,4.0,1.0,82.78,Placed,2,6.75,1
STU1973,IT,82.73,72.87,77.6,4.0,0.0,77.41,Placed,3,7.08,1
STU1974,CSE,81.92,82.31,81.11,5.0,1.0,73.81,Placed,4,6.35,1
STU1975,CSE,72.46,74.82,58.89,4.0,1.0,70.52,Placed,3,4.01,1
STU1976,ECE,70.26,72.29,70.29,1.0,1.0,73.05,Not Placed,0,0.0,0
STU1977,MECH,77.02,69.27,75.04,0.0,1.0,82.4,Placed,1,2.98,1
STU1978,CSE,91.49,82.87,86.86,3.0,2.0,72.21,Placed,2,4.68,1
STU1979,EEE,63.61,65.39,59.61,4.0,1.0,70.69,Placed,2,4.91,1
STU1980,MECH,61.32,70.17,60.75,2.0,1.0,73.09,Placed,1,4.9,1
STU1981,ECE,77.65,67.97,66.37,0.0,1.0,69.29,Placed,1,3.86,1
STU1982,IT,76.51,70.6,75.78,1.0,1.0,94.95,Placed,1,6.77,1
STU1983,CSE,77.73,63.08,77.56,2.0,3.0,71.53,Placed,2,5.18,1
STU1984,CSE,78.44,72.95,69.73,3.0,1.0,73.43,Placed,1,4.73,1
STU1985,IT,73.77,63.09,75.16,0.0,0.0,69.01,Not Placed,0,0.0,0
STU1986,EEE,90.9,67.76,76.52,1.0,1.0,100.0,Placed,1,6.87,1
STU1987,CIVIL,59.99,67.58,63.66,1.0,1.0,77.97,Placed,2,5.4,1
STU1988,EEE,67.72,70.6,66.72,1.0,3.0,67.27,Placed,4,4.93,1
STU1989,ECE,74.97,79.56,80.06,4.0,2.0,88.19,Placed,1,6.97,1
STU1990,IT,59.57,60.49,64.63,0.0,0.0,74.66,Not Placed,0,0.0,0
STU1991,IT,74.24,75.49,90.61,2.0,0.0,80.3,Placed,3,6.51,1
STU1992,CIVIL,92.61,85.18,75.41,3.0,1.0,81.31,Placed,4,8.81,1
STU1993,ECE,76.21,76.74,77.68,2.0,2.0,71.93,Placed,2,5.65,1
STU1994,MECH,78.31,64.98,65.92,3.0,1.0,82.45,Placed,1,3.78,1
STU1995,ECE,63.4,68.02,59.04,0.0,0.0,69.28,Placed,1,4.45,1
STU1996,CSE,69.84,73.07,69.93,3.0,0.0,92.79,Placed,1,5.33,1
STU1997,AIDS,72.25,70.58,71.09,2.0,0.0,65.86,Placed,1,4.83,1
STU1998,CSE,72.82,49.91,86.3,2.0,0.0,91.31,Placed,1,4.68,1
STU1999,AIDS,88.82,79.57,77.46,3.0,1.0,82.08,Placed,1,4.61,1
STU2000,EEE,81.58,96.83,73.4,3.0,0.0,83.24,Placed,3,6.79,1
STU2001,CSE,64.89,63.6,67.15,1.0,0.0,78.015,Placed,1,3.89,1
STU2002,MECH,78.47,66.03,53.98,0.0,1.0,73.79,Placed,1,3.79,1
STU2003,IT,80.98,78.18,74.97,3.0,1.0,88.12,Placed,1,5.6,1
STU2004,IT,87.4,80.45,78.88,6.0,1.0,58.22,Not Placed,0,0.0,0
STU2005,IT,91.81,91.24,90.42,2.0,2.0,77.65,Placed,3,7.21,1
STU2006,CIVIL,65.85,55.05,70.1,0.0,2.0,66.73,Placed,1,4.3,1
STU2007,CIVIL,67.89,75.86,66.29,0.0,0.0,64.48,Placed,1,4.41,1
STU2008,IT,63.42,72.45,66.35,0.0,1.0,72.26,Placed,3,5.68,1
STU2009,ECE,73.66,69.73,64.06,3.0,1.0,81.25,Placed,1,5.76,1
STU2010,EEE,80.66,77.69,66.4,0.0,1.0,86.56,Placed,3,5.22,1
STU2011,CSE,85.87,86.94,82.96,4.0,1.0,84.22,Placed,2,5.79,1
STU2012,AIDS,75.24,80.58,64.35,1.0,1.0,72.34,Placed,4,5.74,1
STU2013,AIDS,72.8,59.33,62.93,5.0,2.0,80.8,Placed,1,4.6,1
STU2014,CSE,77.52,81.08,67.55,0.0,0.0,80.25,Placed,1,4.96,1
STU2015,CIVIL,67.65,67.79,71.8,2.0,1.0,84.1,Placed,3,3.68,1
STU2016,AIDS,96.9,82.33,97.14,1.0,0.0,92.91,Placed,1,7.3,1
STU2017,CSE,59.92,65.7,53.55,0.0,0.0,73.25,Not Placed,0,0.0,0
STU2018,MECH,77.85,71.53,57.46,3.0,1.0,71.17,Placed,3,7.37,1
STU2019,AIDS,96.24,93.22,85.31,6.0,0.0,79.81,Placed,1,6.84,1
STU2020,CSE,76.07,71.39,71.74,4.0,1.0,73.68,Placed,1,6.02,1
STU2021,CIVIL,74.1,60.15,68.74,2.0,1.0,75.1,Not Placed,0,0.0,0
STU2022,ECE,72.43,66.66,65.11,2.0,1.0,79.76,Not Placed,0,0.0,0
STU2023,AIDS,74.2,73.18,69.97,1.0,0.0,84.41,Not Placed,0,0.0,0
STU2024,AIDS,89.73,90.67,86.08,6.0,2.0,82.94,Placed,5,8.84,1
STU2025,AIDS,53.88,68.28,71.08,0.0,0.0,71.0,Not Placed,0,0.0,0
STU2026,EEE,91.33,70.6,61.03,3.0,0.0,85.26,Placed,1,4.59,1
STU2027,IT,61.76,90.64,70.39,3.0,2.0,68.97,Placed,3,3.54,1
STU2028,IT,73.33,73.65,73.15,0.0,3.0,69.34,Placed,2,6.05,1
STU2029,ECE,71.71,83.02,66.81,0.0,0.0,61.3,Placed,1,4.88,1
STU2030,IT,81.89,73.33,88.18,3.0,0.0,74.4,Placed,3,6.17,1
STU2031,CSE,60.02,70.34,60.54,0.0,3.0,77.26,Placed,1,4.7,1
STU2032,MECH,80.62,82.67,76.82,3.0,1.0,73.89,Placed,3,7.21,1
STU2033,CSE,96.24,93.49,90.86,6.0,1.0,83.54,Placed,3,7.72,1
STU2034,CSE,62.37,76.64,63.92,2.0,0.0,78.03,Placed,2,6.91,1
STU2035,CSE,77.9,81.78,61.11,4.0,1.0,83.95,Placed,1,6.38,1
STU2036,CIVIL,69.38,66.07,63.98,1.0,1.0,66.57,Placed,1,5.31,1
STU2037,ECE,80.26,68.4,80.27,1.0,3.0,89.06,Placed,2,5.91,1
STU2038,IT,76.19,75.61,70.44,0.0,4.0,88.81,Placed,2,6.2,1
STU2039,CSE,69.59,78.64,65.11,3.0,1.0,66.19,Placed,1,3.45,1
STU2040,ECE,80.88,72.17,80.97,2.0,2.0,72.89,Placed,1,5.21,1
STU2041,MECH,94.04,90.97,82.11,3.0,0.0,95.64,Placed,1,8.05,1
STU2042,IT,74.09,85.87,71.9,5.0,1.0,76.61,Placed,3,6.12,1
STU2043,ECE,83.2,66.28,73.51,1.0,1.0,61.14,Placed,4,3.69,1
STU2044,CIVIL,63.07,58.01,68.54,1.0,1.0,61.48,Not Placed,0,0.0,0
STU2045,AIDS,66.44,66.49,85.58,1.0,0.0,73.01,Placed,2,4.23,1
STU2046,MECH,80.72,77.4,81.96,4.0,2.0,69.79,Placed,1,5.56,1
STU2047,CSE,90.84,73.63,86.84,1.0,1.0,80.07,Placed,1,5.99,1
STU2048,CSE,79.56,87.32,74.36,3.0,2.0,80.14,Placed,2,5.61,1
STU2049,IT,72.87,75.03,63.56,2.0,1.0,90.66,Placed,3,6.66,1
STU2050,CSE,75.99,72.59,72.5,2.0,3.0,75.98,Placed,2,5.88,1
STU2051,IT,63.5,52.21,61.36,1.0,0.0,83.88,Not Placed,0,0.0,0
STU2052,MECH,82.05,61.76,61.7,2.0,0.0,93.57,Placed,1,3.18,1
STU2053,AIDS,84.82,78.98,75.93,3.0,2.0,94.6,Placed,5,7.97,1
STU2054,IT,71.48,48.84,65.31,0.0,1.0,79.58,Not Placed,0,0.0,0
STU2055,AIDS,71.3,80.21,75.91,1.0,0.0,59.29,Placed,1,5.03,1
STU2056,ECE,78.66,71.81,76.7,2.0,0.0,83.68,Placed,1,5.85,1
STU2057,IT,71.63,100.0,82.4,2.0,1.0,86.51,Placed,3,7.24,1
STU2058,EEE,76.21,94.98,75.56,4.0,1.0,77.64,Placed,3,7.06,1
STU2059,EEE,97.0,79.83,77.78,3.0,0.0,100.0,Placed,1,6.1,1
STU2060,CIVIL,73.53,70.03,60.65,3.0,1.0,85.47,Placed,2,5.29,1
STU2061,IT,72.42,80.54,87.81,5.0,1.0,82.46,Placed,2,6.41,1
STU2062,AIDS,69.52,86.32,74.65,1.0,2.0,86.11,Placed,1,6.44,1
STU2063,IT,83.44,59.17,68.11,2.0,0.0,84.21,Placed,1,4.39,1
STU2064,EEE,74.19,53.52,57.27,1.0,1.0,55.53,Placed,1,3.13,1
STU2065,EEE,69.51,63.06,89.88,2.0,0.0,71.83,Not Placed,0,0.0,0
STU2066,IT,89.21,83.97,72.03,1.0,2.0,94.0,Placed,3,4.89,1
STU2067,CSE,90.2,83.56,77.38,6.0,0.0,76.3,Placed,2,6.47,1
STU2068,CSE,70.0,80.2,75.89,0.0,0.0,74.49,Placed,1,5.39,1
STU2069,ECE,57.33,51.8,63.0,0.0,0.0,62.66,Placed,1,4.88,1
STU2070,ECE,86.08,72.28,76.54,4.0,0.0,98.18,Placed,1,5.59,1
STU2071,ECE,69.15,77.7,85.86,0.0,0.0,91.34,Placed,3,4.91,1
STU2072,CSE,83.91,67.48,77.03,4.0,0.0,73.41,Placed,2,4.33,1
STU2073,CSE,56.3,43.15,46.36,0.0,0.0,73.03,Not Placed,0,0.0,0
STU2074,CSE,84.93,77.67,74.85,2.0,0.0,75.6,Placed,1,5.8,1
STU2075,AIDS,63.89,74.68,70.96,2.0,1.0,79.9,Not Placed,0,0.0,0
STU2076,EEE,83.31,74.27,91.7,3.0,0.0,85.74,Placed,1,5.47,1
STU2077,ECE,76.21,67.69,59.16,2.0,0.0,85.96,Placed,1,3.97,1
STU2078,CIVIL,66.46,66.31,76.09,1.0,3.0,78.25,Placed,3,4.51,1
STU2079,CSE,71.93,66.66,69.95,0.0,1.0,100.0,Placed,1,4.63,1
STU2080,AIDS,82.86,61.81,77.34,0.0,0.0,71.75,Placed,1,5.31,1
STU2081,IT,77.06,65.53,69.09,3.0,2.0,63.58,Placed,1,3.0,1
STU2082,CSE,81.84,80.04,69.92,2.0,2.0,77.11,Placed,4,7.13,1
STU2083,EEE,95.76,84.31,89.03,3.0,1.0,71.41,Placed,3,6.58,1
STU2084,IT,60.36,66.84,69.76,1.0,1.0,59.69,Not Placed,0,0.0,0
STU2085,AIDS,92.17,69.53,84.37,1.0,1.0,75.25,Placed,2,5.08,1
STU2086,EEE,77.04,70.85,71.66,4.0,1.0,70.67,Placed,1,6.23,1
STU2087,MECH,67.01,46.38,54.89,0.0,0.0,66.86,Placed,1,2.53,1
STU2088,CSE,62.7,68.0,53.27,0.0,1.0,78.61,Placed,3,2.91,1
STU2089,AIDS,74.11,85.64,82.47,4.0,1.0,73.38,Placed,2,4.85,1
STU2090,CSE,85.22,61.61,74.78,2.0,0.0,80.21,Placed,3,5.58,1
STU2091,AIDS,74.72,65.77,61.45,1.0,0.0,86.2,Placed,2,5.15,1
STU2092,CIVIL,91.11,82.29,76.38,1.0,0.0,76.99,Not Placed,0,0.0,0
STU2093,MECH,61.49,78.2,65.16,2.0,2.0,71.14,Placed,1,4.72,1
STU2094,EEE,75.88,67.66,58.38,0.0,1.0,81.85,Not Placed,0,0.0,0
STU2095,CSE,63.48,59.64,56.55,1.0,0.0,56.74,Not Placed,0,0.0,0
STU2096,CSE,79.64,54.15,57.75,1.0,0.0,58.41,Not Placed,0,0.0,0
STU2097,CSE,84.87,77.23,73.43,3.0,0.0,84.82,Placed,1,7.05,1
STU2098,CSE,71.79,90.73,70.97,1.0,4.0,81.56,Not Placed,0,0.0,0
STU2099,IT,49.96,63.25,46.61,0.0,0.0,88.06,Placed,1,3.25,1
STU2100,ECE,77.99,72.87,88.98,6.0,0.0,80.72,Placed,1,7.58,1
STU2101,CSE,80.37,77.39,85.23,2.0,0.0,87.51,Placed,1,5.03,1
STU2102,AIDS,80.04,73.91,67.65,5.0,2.0,78.26,Placed,3,4.75,1
STU2103,AIDS,88.36,69.63,77.48,3.0,1.0,85.6,Placed,2,5.29,1
STU2104,AIDS,65.29,75.61,72.66,1.0,2.0,89.86,Placed,1,5.11,1
STU2105,AIDS,82.8,77.52,85.64,3.0,0.0,61.86,Not Placed,0,0.0,0
STU2106,CSE,87.93,77.74,71.43,3.0,1.0,86.5,Placed,1,7.11,1
STU2107,ECE,58.21,54.44,68.17,1.0,0.0,91.6,Not Placed,0,0.0,0
STU2108,IT,79.2,86.67,73.67,0.0,1.0,82.26,Placed,3,6.15,1
STU2109,CIVIL,70.96,76.58,60.95,1.0,2.0,91.69,Placed,2,4.51,1
STU2110,CSE,75.18,66.3,75.31,1.0,2.0,72.65,Placed,2,5.11,1
STU2111,IT,79.48,83.78,87.47,0.0,3.0,79.53,Placed,5,6.15,1
STU2112,CSE,71.13,65.03,88.36,1.0,0.0,77.2,Placed,2,4.29,1
STU2113,CSE,69.24,61.34,56.11,3.0,3.0,56.28,Placed,1,4.21,1
STU2114,MECH,76.34,64.76,74.98,0.0,1.0,68.21,Placed,2,4.46,1
STU2115,MECH,65.13,49.6,56.88,0.0,1.0,64.92,Not Placed,0,0.0,0
STU2116,MECH,65.14,72.03,74.28,2.0,2.0,82.2,Placed,1,4.64,1
STU2117,CSE,82.79,56.95,57.14,1.0,0.0,88.83,Not Placed,0,0.0,0
STU2118,IT,64.51,54.75,51.64,2.0,1.0,77.5,Placed,2,2.78,1
STU2119,ECE,82.66,54.44,61.78,2.0,1.0,88.35,Placed,1,5.2,1
STU2120,CSE,80.63,73.42,74.55,3.0,2.0,78.74,Placed,3,6.25,1
STU2121,AIDS,58.74,62.93,57.46,2.0,1.0,83.38,Placed,2,5.05,1
STU2122,AIDS,69.22,65.88,72.56,2.0,0.0,76.31,Placed,1,4.37,1
STU2123,IT,87.94,67.15,82.5,5.0,1.0,83.3,Placed,1,4.97,1
STU2124,IT,66.19,56.06,67.58,1.0,1.0,72.78,Placed,1,3.44,1
STU2125,CIVIL,71.36,74.75,84.09,2.0,1.0,83.13,Placed,3,6.83,1
STU2126,MECH,80.62,68.77,75.61,1.0,1.0,76.43,Placed,3,3.58,1
STU2127,CSE,83.83,78.89,67.22,1.0,0.0,90.13,Placed,2,6.85,1
STU2128,EEE,73.48,62.22,78.4,2.0,0.0,67.53,Placed,2,3.53,1
STU2129,ECE,70.02,71.32,64.63,4.0,2.0,66.62,Placed,3,5.91,1
STU2130,ECE,90.22,91.63,90.93,4.0,4.0,89.77,Placed,5,7.06,1
STU2131,IT,93.39,85.89,95.34,4.0,0.0,83.89,Placed,5,6.55,1
STU2132,EEE,85.79,72.48,79.05,0.0,2.0,77.94,Placed,2,3.6,1
STU2133,CSE,76.85,75.16,61.23,3.0,2.0,86.91,Placed,4,7.35,1
STU2134,CSE,67.92,66.16,59.58,1.0,1.0,70.31,Not Placed,0,0.0,0
STU2135,CIVIL,67.7,68.54,78.27,1.0,0.0,73.89,Placed,3,5.37,1
STU2136,CSE,81.23,71.3,72.03,6.0,2.0,93.02,Placed,1,6.86,1
STU2137,IT,80.18,72.44,74.05,0.0,1.0,93.92,Placed,4,4.93,1
STU2138,EEE,90.02,80.63,85.8,3.0,2.0,97.66,Placed,2,6.07,1
STU2139,EEE,82.5,65.19,77.26,0.0,0.0,78.34,Placed,1,5.59,1
STU2140,MECH,60.97,55.28,62.92,0.0,1.0,84.42,Placed,2,2.57,1
STU2141,IT,86.52,63.05,70.68,2.0,1.0,73.74,Placed,1,4.77,1
STU2142,ECE,66.02,51.71,58.7,2.0,1.0,66.94,Placed,1,2.28,1
STU2143,CIVIL,72.16,58.3,72.52,1.0,0.0,56.1,Not Placed,0,0.0,0
STU2144,MECH,78.5,74.92,78.13,4.0,3.0,94.53,Placed,3,6.66,1
STU2145,ECE,95.96,72.25,76.81,0.0,3.0,77.81,Placed,4,4.04,1
STU2146,IT,98.0,87.24,93.49,3.0,2.0,85.16,Placed,3,6.04,1
STU2147,IT,82.07,75.28,74.04,4.0,0.0,72.53,Placed,1,4.68,1
STU2148,CIVIL,74.17,51.69,57.24,3.0,0.0,84.22,Placed,1,4.42,1
STU2149,IT,81.35,81.16,70.8,1.0,0.0,77.09,Placed,1,4.86,1
STU2150,IT,84.88,84.3,71.38,3.0,0.0,69.96,Placed,2,6.73,1
STU2151,CIVIL,72.79,60.82,64.58,0.0,0.0,81.45,Placed,1,5.55,1
STU2152,IT,93.95,84.48,92.32,3.0,0.0,71.98,Placed,2,6.38,1
STU2153,CIVIL,78.3,64.67,63.6,1.0,1.0,71.87,Placed,2,2.99,1
STU2154,CIVIL,80.98,75.42,76.25,3.0,0.0,61.38,Placed,1,6.29,1
STU2155,MECH,82.66,62.55,65.57,3.0,0.0,68.12,Not Placed,0,0.0,0
STU2156,IT,80.22,56.17,65.65,3.0,0.0,81.68,Placed,1,2.83,1
STU2157,CSE,84.39,72.15,62.71,0.0,0.0,63.86,Not Placed,0,0.0,0
STU2158,AIDS,69.83,68.19,66.54,0.0,4.0,63.11,Placed,3,4.02,1
STU2159,IT,70.42,65.71,66.1,1.0,0.0,76.62,Not Placed,0,0.0,0
STU2160,CSE,65.0,55.41,66.46,0.0,0.0,69.86,Placed,2,2.2,1
STU2161,IT,80.4,70.18,74.49,4.0,1.0,98.07,Placed,4,6.85,1
STU2162,CSE,83.79,78.4,67.18,3.0,1.0,97.83,Placed,1,6.51,1
STU2163,ECE,80.58,73.81,82.71,3.0,0.0,72.39,Placed,1,7.25,1
STU2164,IT,92.74,81.56,82.69,7.0,4.0,89.47,Placed,5,7.29,1
STU2165,CSE,75.94,65.47,71.08,0.0,1.0,85.32,Placed,2,3.98,1
STU2166,IT,82.69,86.93,79.29,3.0,2.0,75.56,Placed,3,6.06,1
STU2167,IT,65.08,55.53,58.07,0.0,2.0,61.32,Placed,1,2.21,1
STU2168,EEE,72.13,75.33,73.35,2.0,1.0,77.13,Placed,2,6.8,1
STU2169,CSE,82.96,87.15,83.34,4.0,2.0,79.48,Placed,3,10.3,1
STU2170,ECE,84.49,80.83,63.89,1.0,1.0,77.65,Placed,5,4.68,1
STU2171,MECH,73.06,68.85,65.36,2.0,1.0,81.55,Placed,2,5.48,1
STU2172,AIDS,75.28,66.59,67.62,0.0,1.0,71.59,Not Placed,0,0.0,0
STU2173,CIVIL,60.82,75.73,69.84,0.0,0.0,62.92,Placed,1,4.26,1
STU2174,ECE,72.43,56.36,74.62,2.0,0.0,78.33,Not Placed,0,0.0,0
STU2175,CIVIL,84.9,66.51,66.82,1.0,0.0,85.19,Placed,1,5.22,1
STU2176,MECH,81.75,70.81,69.41,7.0,0.0,70.02,Placed,2,6.56,1
STU2177,IT,81.01,86.83,74.64,2.0,4.0,88.71,Placed,4,5.73,1
STU2178,CSE,76.5,76.22,67.04,1.0,0.0,62.84,Placed,1,4.26,1
STU2179,IT,76.07,62.55,65.74,1.0,0.0,73.42,Placed,1,5.43,1
STU2180,MECH,69.4,66.13,73.6,4.0,2.0,73.97,Placed,2,5.82,1
STU2181,AIDS,82.99,69.2,64.84,1.0,1.0,75.32,Placed,2,5.17,1
STU2182,ECE,80.21,67.0,74.94,2.0,2.0,74.99,Placed,3,5.88,1
STU2183,CIVIL,80.92,84.2,64.18,2.0,4.0,97.16,Placed,2,7.12,1
STU2184,AIDS,70.74,56.12,59.91,0.0,0.0,69.1,Placed,2,4.61,1
STU2185,CSE,54.47,78.6,63.94,0.0,1.0,93.03,Placed,2,5.62,1
STU2186,AIDS,86.97,85.42,93.74,1.0,2.0,86.37,Placed,2,6.98,1
STU2187,CIVIL,71.21,80.95,71.06,4.0,1.0,77.75,Placed,3,6.13,1
STU2188,CSE,67.37,63.69,48.26,1.0,2.0,79.87,Placed,4,3.94,1
STU2189,ECE,82.93,73.82,58.87,4.0,0.0,100.0,Placed,1,4.63,1
STU2190,CIVIL,72.08,56.1,65.14,2.0,2.0,68.29,Placed,2,4.23,1
STU2191,CSE,86.6,71.72,80.32,3.0,3.0,72.23,Placed,1,6.05,1
STU2192,MECH,82.17,79.91,79.73,3.0,1.0,73.97,Placed,2,4.36,1
STU2193,ECE,82.84,88.24,81.22,5.0,1.0,81.28,Placed,2,7.62,1
STU2194,CIVIL,62.34,54.98,70.36,0.0,0.0,58.29,Not Placed,0,0.0,0
STU2195,CSE,88.12,74.0,72.42,2.0,0.0,83.04,Placed,2,6.4,1
STU2196,IT,78.61,71.86,79.83,3.0,0.0,94.76,Placed,2,6.29,1
STU2197,AIDS,72.31,56.58,52.05,0.0,1.0,78.67,Not Placed,0,0.0,0
STU2198,AIDS,77.43,78.76,67.43,6.0,1.0,76.47,Placed,2,6.77,1
STU2199,IT,58.24,56.97,45.87,0.0,0.0,66.82,Placed,1,2.56,1
STU2200,CSE,80.09,72.09,71.06,1.0,3.0,88.12,Placed,3,5.22,1
STU2201,IT,65.71,63.05,64.69,1.0,1.0,67.56,Not Placed,0,0.0,0
STU2202,CSE,62.47,58.22,63.16,2.0,4.0,90.48,Not Placed,0,0.0,0
STU2203,CSE,60.78,65.28,64.61,0.0,1.0,90.67,Placed,1,5.32,1
STU2204,ECE,87.13,75.05,69.34,3.0,1.0,84.81,Placed,2,4.67,1
STU2205,EEE,69.71,65.65,65.85,1.0,2.0,76.29,Not Placed,0,0.0,0
STU2206,IT,91.34,71.82,65.12,0.0,0.0,93.24,Placed,2,3.98,1
STU2207,CIVIL,70.64,72.98,81.17,0.0,0.0,86.58,Placed,1,5.66,1
STU2208,EEE,58.93,81.05,66.56,3.0,1.0,65.37,Not Placed,0,0.0,0
STU2209,ECE,64.83,68.57,62.78,0.0,3.0,69.95,Placed,4,5.04,1
STU2210,AIDS,88.36,87.72,94.34,4.0,0.0,71.02,Placed,2,7.84,1
STU2211,EEE,74.44,57.6,56.28,1.0,3.0,81.74,Placed,1,2.66,1
STU2212,EEE,70.52,71.31,60.63,1.0,1.0,82.68,Placed,2,4.58,1
STU2213,CSE,77.6,61.95,60.07,1.0,2.0,67.01,Placed,2,3.2,1
STU2214,IT,81.02,59.69,68.7,2.0,1.0,76.26,Placed,1,5.51,1
STU2215,CIVIL,87.17,69.83,78.41,3.0,2.0,70.39,Placed,1,7.13,1
STU2216,CSE,90.48,90.64,89.31,4.0,2.0,75.58,Placed,3,7.87,1
STU2217,CSE,72.4,80.08,93.95,2.0,2.0,82.3,Placed,3,6.03,1
STU2218,CIVIL,62.74,68.66,48.0,1.0,1.0,67.36,Placed,5,3.0,1
STU2219,CIVIL,71.87,55.01,69.28,1.0,0.0,74.45,Placed,2,3.54,1
STU2220,ECE,78.6,71.41,68.05,3.0,1.0,64.87,Placed,2,4.22,1
STU2221,AIDS,66.36,70.88,63.34,0.0,4.0,76.91,Placed,4,4.92,1
STU2222,CSE,66.43,69.65,62.67,3.0,0.0,74.85,Placed,1,3.78,1
STU2223,EEE,79.44,55.31,59.89,2.0,0.0,73.24,Not Placed,0,0.0,0
STU2224,AIDS,75.51,63.08,81.98,2.0,0.0,76.73,Not Placed,0,0.0,0
STU2225,EEE,76.33,71.71,78.55,1.0,1.0,80.34,Placed,3,4.01,1
STU2226,CIVIL,68.42,74.15,70.08,4.0,1.0,68.61,Placed,2,5.63,1
STU2227,ECE,73.7,49.2,73.82,0.0,1.0,64.51,Placed,1,4.27,1
STU2228,ECE,66.76,66.42,54.51,3.0,0.0,91.62,Placed,1,6.05,1
STU2229,AIDS,84.9,77.64,66.24,4.0,1.0,76.02,Placed,1,5.25,1
STU2230,EEE,86.35,85.35,62.67,2.0,2.0,81.35,Placed,2,4.08,1
STU2231,AIDS,57.54,70.82,59.33,0.0,2.0,81.24,Not Placed,0,0.0,0
STU2232,CSE,66.7,73.84,70.49,3.0,1.0,100.0,Placed,1,6.39,1
STU2233,CSE,61.03,57.47,62.3,1.0,0.0,62.16,Not Placed,0,0.0,0
STU2234,CSE,69.5,50.19,63.09,2.0,0.0,80.37,Not Placed,0,0.0,0
STU2235,CIVIL,75.17,67.89,58.78,3.0,1.0,71.94,Placed,3,5.55,1
STU2236,ECE,61.5,75.69,74.44,1.0,1.0,68.68,Placed,1,6.13,1
STU2237,IT,66.78,81.99,73.99,0.0,1.0,68.89,Not Placed,0,0.0,0
STU2238,EEE,65.96,74.79,75.13,5.0,1.0,64.96,Placed,1,6.95,1
STU2239,AIDS,78.07,77.43,59.28,4.0,0.0,78.95,Placed,3,6.63,1
STU2240,CSE,76.69,76.31,76.04,3.0,0.0,65.57,Placed,1,4.36,1
STU2241,IT,68.78,63.39,56.76,0.0,0.0,84.6,Placed,1,5.41,1
STU2242,IT,77.77,71.7,69.13,2.0,2.0,79.71,Not Placed,0,0.0,0
STU2243,IT,70.53,86.43,79.21,3.0,0.0,80.49,Placed,3,5.69,1
STU2244,IT,73.28,61.55,67.92,2.0,1.0,73.45,Placed,3,5.33,1
STU2245,IT,92.73,95.88,79.2,7.0,3.0,81.15,Placed,5,8.19,1
STU2246,CIVIL,89.4,75.01,77.6,1.0,3.0,78.015,Placed,3,5.26,1
STU2247,CSE,63.0,79.61,57.66,1.0,1.0,63.58,Placed,2,5.69,1
STU2248,CSE,84.3,61.87,80.36,1.0,2.0,78.28,Placed,1,4.87,1
STU2249,AIDS,84.11,81.71,76.4,3.0,1.0,73.7,Placed,2,7.91,1
STU2250,MECH,64.52,59.67,72.41,0.0,0.0,66.57,Placed,1,3.14,1
STU2251,IT,84.19,61.73,66.86,1.0,1.0,62.48,Not Placed,0,0.0,0
STU2252,EEE,91.38,81.31,76.25,4.0,1.0,96.04,Placed,1,5.61,1
STU2253,CSE,64.77,77.24,63.59,5.0,2.0,68.49,Placed,2,4.75,1
STU2254,CSE,66.82,59.62,71.27,0.0,0.0,85.86,Placed,1,5.68,1
STU2255,CIVIL,86.18,61.79,66.11,2.0,2.0,91.78,Placed,1,3.62,1
STU2256,EEE,78.71,72.5,78.08,1.0,0.0,67.98,Placed,1,5.99,1
STU2257,CSE,81.51,73.81,71.3,3.0,0.0,70.73,Placed,2,7.06,1
STU2258,EEE,79.41,72.28,59.71,5.0,1.0,100.0,Placed,1,5.73,1
STU2259,CSE,79.91,83.45,72.61,0.0,2.0,95.73,Not Placed,0,0.0,0
STU2260,MECH,62.74,65.64,55.5,0.0,0.0,73.67,Placed,1,3.26,1
STU2261,ECE,86.47,95.47,83.95,3.0,2.0,84.58,Placed,2,7.42,1
STU2262,IT,87.7,79.71,69.07,4.0,1.0,77.02,Placed,3,4.82,1
STU2263,ECE,73.71,67.7,76.9,1.0,1.0,81.69,Not Placed,0,0.0,0
STU2264,EEE,75.57,55.89,65.28,2.0,0.0,71.99,Not Placed,0,0.0,0
STU2265,CSE,60.69,62.68,61.76,0.0,1.0,54.95,Placed,3,6.27,1
STU2266,CSE,81.14,71.15,78.55,4.0,0.0,68.51,Placed,1,6.11,1
STU2267,ECE,81.72,84.38,85.85,0.0,0.0,80.79,Placed,3,4.78,1
STU2268,EEE,75.38,76.54,73.01,1.0,1.0,68.2,Placed,1,4.41,1
STU2269,MECH,87.24,65.47,67.28,2.0,2.0,81.93,Placed,1,5.44,1
STU2270,ECE,72.66,72.42,56.59,3.0,0.0,67.76,Not Placed,0,0.0,0
STU2271,CIVIL,81.65,81.46,71.6,2.0,0.0,73.53,Placed,1,4.21,1
STU2272,IT,65.8,82.89,67.11,1.0,1.0,82.71,Placed,1,3.84,1
STU2273,IT,75.76,80.97,75.71,6.0,1.0,80.74,Not Placed,0,0.0,0
STU2274,CSE,74.26,79.02,70.89,4.0,4.0,77.9,Placed,2,6.64,1
STU2275,EEE,78.25,73.81,78.73,0.0,0.0,87.3,Placed,1,6.32,1
STU2276,CSE,72.3,74.42,66.45,1.0,0.0,81.63,Placed,1,5.76,1
STU2277,ECE,74.69,84.1,75.12,1.0,2.0,91.16,Placed,2,6.11,1
STU2278,AIDS,84.26,62.59,80.87,2.0,2.0,77.35,Placed,1,5.21,1
STU2279,CSE,71.63,66.74,71.16,0.0,2.0,73.2,Placed,1,4.85,1
STU2280,EEE,59.93,57.24,60.53,1.0,0.0,61.27,Placed,1,4.32,1
STU2281,MECH,93.5,83.86,77.26,7.0,1.0,80.86,Placed,3,5.68,1
STU2282,CIVIL,89.81,90.72,78.12,4.0,0.0,92.12,Placed,2,6.04,1
STU2283,MECH,63.08,60.42,56.42,3.0,2.0,85.78,Placed,2,4.02,1
STU2284,CSE,82.9,51.4,62.68,0.0,0.0,89.66,Placed,1,3.62,1
STU2285,ECE,70.97,65.81,73.92,1.0,1.0,60.69,Placed,1,4.52,1
STU2286,EEE,78.63,82.52,74.63,0.0,0.0,89.27,Not Placed,0,0.0,0
STU2287,CSE,78.94,72.28,64.45,3.0,1.0,63.08,Placed,1,5.23,1
STU2288,ECE,73.66,75.43,86.32,2.0,1.0,85.86,Placed,4,6.46,1
STU2289,CSE,68.16,65.87,69.47,2.0,1.0,78.015,Placed,2,2.91,1
STU2290,CSE,69.09,56.3,52.63,2.0,1.0,82.51,Placed,2,2.22,1
STU2291,ECE,76.21,73.23,65.49,1.0,1.0,63.4,Placed,2,3.92,1
STU2292,CSE,67.68,60.11,65.62,3.0,1.0,86.23,Placed,1,5.46,1
STU2293,MECH,75.33,93.74,92.81,4.0,2.0,65.18,Placed,4,6.55,1
STU2294,CIVIL,68.84,74.68,61.37,2.0,1.0,70.08,Placed,2,4.72,1
STU2295,IT,82.82,69.46,81.11,0.0,0.0,72.0,Not Placed,0,0.0,0
STU2296,CSE,90.87,72.78,88.47,4.0,1.0,68.02,Placed,1,6.36,1
STU2297,CSE,70.2,68.66,63.57,1.0,0.0,77.42,Placed,1,4.7,1
STU2298,CSE,78.39,70.88,70.03,0.0,1.0,95.69,Placed,1,6.77,1
STU2299,CIVIL,81.0,85.62,70.02,3.0,2.0,100.0,Not Placed,0,0.0,0
STU2300,CIVIL,80.72,76.19,73.29,2.0,1.0,81.13,Placed,2,6.32,1
STU2301,CSE,76.76,65.23,69.4,1.0,0.0,88.92,Not Placed,0,0.0,0
STU2302,AIDS,83.43,94.45,87.53,6.0,0.0,83.29,Placed,5,8.3,1
STU2303,CSE,80.82,74.86,83.21,2.0,1.0,84.78,Placed,2,5.84,1
STU2304,MECH,63.62,74.32,62.3,2.0,1.0,71.19,Not Placed,0,0.0,0
STU2305,CIVIL,84.69,70.03,58.41,3.0,1.0,83.4,Placed,4,6.52,1
STU2306,IT,84.87,79.82,77.47,1.0,2.0,86.54,Placed,4,6.24,1
STU2307,CIVIL,68.37,71.88,71.43,0.0,0.0,70.72,Not Placed,0,0.0,0
STU2308,IT,76.38,53.47,67.44,1.0,1.0,78.04,Placed,2,2.2,1
STU2309,ECE,82.83,95.43,79.78,0.0,0.0,80.47,Placed,3,8.76,1
STU2310,IT,73.91,84.16,76.32,1.0,1.0,85.31,Placed,1,5.95,1
STU2311,CSE,86.73,73.06,88.05,3.0,1.0,72.76,Placed,2,6.63,1
STU2312,AIDS,98.0,71.08,82.23,5.0,1.0,85.84,Placed,1,5.38,1
STU2313,MECH,68.14,72.14,66.11,1.0,2.0,93.06,Placed,4,7.42,1
STU2314,IT,62.19,66.85,61.16,1.0,3.0,84.24,Placed,1,3.98,1
STU2315,EEE,79.04,77.12,73.3,1.0,3.0,91.81,Placed,4,5.69,1
STU2316,CIVIL,83.22,77.36,89.3,3.0,0.0,81.35,Placed,1,4.68,1
STU2317,MECH,73.69,76.22,71.0,3.0,2.0,80.68,Not Placed,0,0.0,0
STU2318,IT,90.53,93.21,84.15,0.0,4.0,92.71,Placed,3,7.84,1
STU2319,CSE,62.61,71.86,63.21,1.0,3.0,87.96,Not Placed,0,0.0,0
STU2320,CSE,82.93,64.82,80.5,0.0,1.0,63.46,Placed,3,4.62,1
STU2321,ECE,69.94,83.1,89.24,2.0,0.0,64.64,Placed,2,4.19,1
STU2322,CSE,93.19,96.34,89.94,4.0,3.0,96.4,Placed,5,8.14,1
STU2323,IT,95.93,100.0,89.24,2.0,3.0,83.08,Placed,5,8.05,1
STU2324,CSE,68.33,57.52,64.34,1.0,2.0,69.87,Not Placed,0,0.0,0
STU2325,AIDS,70.5,72.16,50.86,3.0,0.0,65.39,Placed,1,3.91,1
STU2326,ECE,84.6,55.25,74.91,2.0,1.0,76.61,Placed,2,2.92,1
STU2327,CSE,72.13,75.99,72.91,3.0,2.0,64.62,Placed,1,5.81,1
STU2328,IT,75.55,66.51,73.15,1.0,0.0,97.26,Placed,1,3.74,1
STU2329,CIVIL,76.25,91.55,73.04,0.0,1.0,78.49,Placed,1,6.84,1
STU2330,EEE,56.8,55.82,56.34,0.0,1.0,71.36,Placed,1,2.74,1
STU2331,MECH,75.86,55.25,62.6,0.0,4.0,83.84,Placed,2,5.55,1
STU2332,CIVIL,69.1,64.38,74.89,2.0,1.0,84.85,Placed,2,5.01,1
STU2333,CSE,71.07,50.23,59.42,4.0,0.0,85.39,Not Placed,0,0.0,0
STU2334,AIDS,90.44,86.21,98.49,2.0,1.0,93.32,Placed,4,7.38,1
STU2335,AIDS,63.43,45.89,61.71,2.0,1.0,68.52,Not Placed,0,0.0,0
STU2336,CIVIL,84.13,76.14,65.89,1.0,1.0,78.77,Placed,1,6.54,1
STU2337,CSE,73.21,50.17,62.15,0.0,1.0,84.54,Placed,1,2.92,1
STU2338,CIVIL,73.2,67.74,64.12,3.0,1.0,72.87,Not Placed,0,0.0,0
STU2339,CSE,83.9,92.19,64.08,5.0,1.0,81.32,Placed,1,5.35,1
STU2340,CSE,79.4,77.34,87.65,1.0,0.0,83.38,Placed,3,6.42,1
STU2341,ECE,81.71,66.13,77.37,1.0,1.0,87.66,Placed,2,4.0,1
STU2342,EEE,85.68,76.24,80.94,4.0,1.0,65.99,Placed,3,5.2,1
STU2343,IT,72.69,70.89,71.57,4.0,0.0,83.87,Placed,2,3.68,1
STU2344,IT,69.88,74.17,59.36,1.0,1.0,74.35,Placed,2,5.78,1
STU2345,IT,65.15,53.65,57.71,1.0,0.0,81.17,Placed,1,2.46,1
STU2346,EEE,67.75,74.41,76.49,1.0,1.0,82.7,Placed,2,4.67,1
STU2347,ECE,98.0,55.06,65.16,2.0,0.0,100.0,Placed,1,3.49,1
STU2348,ECE,88.45,71.5,55.73,6.0,0.0,95.14,Placed,1,5.04,1
STU2349,AIDS,62.49,61.24,61.49,0.0,0.0,85.99,Not Placed,0,0.0,0
STU2350,CSE,62.78,72.58,66.24,0.0,1.0,86.96,Placed,2,4.6,1
STU2351,IT,80.82,74.59,75.48,4.0,1.0,82.91,Placed,2,6.72,1
STU2352,MECH,81.47,60.61,75.56,3.0,0.0,80.81,Placed,2,3.61,1
STU2353,EEE,81.49,64.82,72.0,1.0,0.0,88.38,Placed,1,4.42,1
STU2354,IT,73.45,73.04,73.34,1.0,2.0,84.3,Placed,2,6.9,1
STU2355,EEE,74.75,70.84,80.52,0.0,1.0,75.38,Placed,4,6.24,1
STU2356,IT,79.28,67.88,59.36,1.0,0.0,83.39,Placed,3,3.77,1
STU2357,AIDS,76.86,67.78,74.66,2.0,0.0,78.58,Placed,1,4.94,1
STU2358,EEE,53.81,69.17,68.06,2.0,1.0,63.15,Not Placed,0,0.0,0
STU2359,ECE,73.7,65.99,58.98,1.0,0.0,89.41,Not Placed,0,0.0,0
STU2360,MECH,67.49,67.49,55.22,3.0,1.0,76.12,Placed,1,6.37,1
STU2361,AIDS,77.75,94.69,74.39,1.0,0.0,97.65,Not Placed,0,0.0,0
STU2362,CSE,98.0,67.86,72.76,5.0,0.0,71.67,Placed,2,4.37,1
STU2363,CIVIL,79.67,55.34,73.28,2.0,1.0,74.88,Placed,1,2.65,1
STU2364,CIVIL,72.86,78.63,68.11,2.0,2.0,77.8,Placed,1,5.02,1
STU2365,IT,85.22,69.56,67.32,4.0,0.0,92.06,Placed,1,5.32,1
STU2366,CSE,80.83,71.19,68.31,1.0,1.0,83.88,Placed,1,4.35,1
STU2367,CIVIL,80.2,66.28,80.22,1.0,0.0,82.86,Placed,2,6.09,1
STU2368,AIDS,82.07,72.33,74.14,1.0,0.0,70.58,Placed,4,5.24,1
STU2369,CSE,96.57,97.44,86.47,4.0,0.0,75.39,Placed,1,6.68,1
STU2370,CSE,64.69,75.13,68.06,0.0,2.0,77.54,Placed,2,4.47,1
STU2371,AIDS,80.74,82.95,87.63,7.0,2.0,67.98,Placed,3,6.29,1
STU2372,CSE,66.74,53.87,56.22,0.0,0.0,70.57,Not Placed,0,0.0,0
STU2373,IT,81.56,63.19,81.18,1.0,2.0,85.05,Placed,4,6.3,1
STU2374,EEE,66.81,39.68,58.95,1.0,0.0,66.54,Placed,1,2.22,1
STU2375,ECE,71.83,62.23,65.64,0.0,2.0,91.59,Placed,2,3.49,1
STU2376,IT,73.05,80.44,93.73,1.0,2.0,88.58,Placed,3,7.55,1
STU2377,EEE,85.76,81.76,70.19,5.0,1.0,67.87,Placed,5,5.74,1
STU2378,EEE,85.18,74.12,72.93,1.0,3.0,73.42,Placed,1,4.4,1
STU2379,ECE,63.54,66.37,55.61,1.0,0.0,78.015,Placed,1,5.23,1
STU2380,MECH,76.55,65.56,77.36,2.0,0.0,71.75,Placed,3,5.48,1
STU2381,CSE,68.9,71.05,82.5,1.0,2.0,83.01,Placed,2,5.66,1
STU2382,ECE,63.41,74.2,81.52,3.0,2.0,70.47,Not Placed,0,0.0,0
STU2383,AIDS,73.83,55.06,74.9,1.0,0.0,81.99,Placed,2,4.09,1
STU2384,ECE,72.92,73.81,69.77,2.0,2.0,63.82,Placed,1,4.91,1
STU2385,CIVIL,98.0,91.42,83.38,5.0,2.0,93.48,Placed,2,7.42,1
STU2386,ECE,80.33,70.0,59.25,3.0,1.0,75.12,Placed,2,4.6,1
STU2387,IT,62.22,73.01,83.62,2.0,0.0,73.89,Placed,1,4.61,1
STU2388,CSE,70.35,97.81,82.61,1.0,1.0,75.79,Placed,3,6.43,1
STU2389,AIDS,86.21,75.75,72.75,4.0,2.0,70.73,Placed,2,5.36,1
STU2390,EEE,96.88,85.53,94.47,3.0,3.0,75.53,Placed,2,7.74,1
STU2391,CSE,60.14,57.68,53.46,0.0,0.0,81.76,Not Placed,0,0.0,0
STU2392,CSE,57.2,65.55,66.22,2.0,2.0,75.61,Placed,3,4.57,1
STU2393,CSE,94.71,85.22,81.6,2.0,4.0,94.6,Placed,1,6.67,1
STU2394,EEE,79.9,75.9,79.64,5.0,1.0,82.89,Placed,2,6.12,1
STU2395,ECE,67.32,58.1,63.39,1.0,2.0,76.85,Not Placed,0,0.0,0
STU2396,IT,81.35,76.67,63.7,2.0,3.0,64.94,Placed,2,6.02,1
STU2397,EEE,49.64,74.96,64.22,0.0,2.0,66.94,Placed,3,2.2,1
STU2398,ECE,76.03,76.7,81.85,2.0,2.0,78.37,Placed,3,6.6,1
STU2399,MECH,79.28,83.3,76.67,2.0,1.0,97.33,Placed,4,5.05,1
STU2400,CIVIL,85.24,73.99,81.93,2.0,0.0,88.02,Placed,3,5.35,1
STU2401,CSE,65.86,75.14,60.98,0.0,0.0,88.88,Placed,2,2.2,1
STU2402,CSE,76.86,75.38,73.07,1.0,1.0,84.28,Placed,3,6.0,1
STU2403,CSE,66.75,58.53,58.85,1.0,2.0,68.96,Placed,1,3.23,1
STU2404,IT,78.55,76.53,80.26,0.0,1.0,80.55,Placed,1,5.1,1
STU2405,CIVIL,67.05,58.25,64.11,2.0,0.0,77.59,Placed,1,4.09,1
STU2406,EEE,71.92,64.03,73.1,1.0,1.0,68.72,Placed,2,2.63,1
STU2407,IT,66.04,69.61,76.18,1.0,1.0,71.66,Placed,1,4.96,1
STU2408,IT,82.51,78.1,81.75,3.0,3.0,79.03,Placed,3,7.17,1
STU2409,MECH,84.58,64.17,74.25,1.0,1.0,96.06,Placed,1,5.46,1
STU2410,IT,73.65,81.68,66.38,2.0,1.0,59.05,Placed,1,4.78,1
STU2411,CSE,76.38,78.09,74.04,0.0,1.0,89.59,Placed,4,5.59,1
STU2412,CSE,61.51,58.63,57.79,4.0,1.0,65.1,Placed,2,3.87,1
STU2413,ECE,73.0,55.48,62.22,4.0,0.0,65.2,Placed,1,4.72,1
STU2414,CSE,75.5,70.53,68.11,2.0,1.0,89.04,Placed,1,6.47,1
STU2415,MECH,98.0,77.64,73.63,2.0,0.0,92.89,Placed,3,5.58,1
STU2416,AIDS,64.88,68.33,50.96,1.0,0.0,86.0,Placed,1,4.19,1
STU2417,CSE,90.64,75.16,72.68,5.0,0.0,90.93,Placed,3,5.37,1
STU2418,CSE,85.97,56.61,71.45,4.0,2.0,100.0,Placed,1,5.91,1
STU2419,EEE,78.81,69.58,61.15,3.0,2.0,84.61,Placed,2,5.7,1
STU2420,AIDS,93.59,77.06,79.85,4.0,1.0,83.35,Placed,4,6.23,1
STU2421,ECE,79.72,80.21,91.18,1.0,2.0,82.99,Placed,5,7.04,1
STU2422,EEE,79.89,66.97,79.59,0.0,0.0,91.15,Placed,1,5.13,1
STU2423,CSE,75.47,88.75,90.62,3.0,2.0,71.4,Placed,2,6.83,1
STU2424,CSE,88.24,58.59,74.52,4.0,0.0,77.02,Placed,1,4.11,1
STU2425,AIDS,86.96,90.25,91.36,3.0,2.0,79.66,Placed,4,7.47,1
STU2426,AIDS,69.74,67.14,62.12,1.0,0.0,57.47,Not Placed,0,0.0,0
STU2427,CSE,62.81,74.86,63.03,1.0,2.0,75.23,Not Placed,0,0.0,0
STU2428,AIDS,73.97,72.08,49.21,0.0,2.0,60.91,Placed,4,3.55,1
STU2429,CIVIL,68.0,80.0,81.29,0.0,3.0,76.28,Placed,2,6.8,1
STU2430,IT,75.36,68.04,82.51,4.0,0.0,86.17,Placed,1,4.76,1
STU2431,EEE,88.37,66.78,69.88,1.0,0.0,78.64,Placed,2,5.13,1
STU2432,EEE,71.43,84.35,72.49,4.0,0.0,92.09,Placed,2,5.74,1
STU2433,EEE,75.57,70.87,65.22,2.0,2.0,65.31,Placed,2,5.24,1
STU2434,CIVIL,76.58,74.68,76.0,2.0,1.0,89.52,Placed,4,5.64,1
STU2435,CSE,84.48,88.37,89.5,2.0,0.0,87.65,Placed,4,5.89,1
STU2436,CSE,53.53,51.77,42.91,0.0,0.0,55.29,Placed,1,3.24,1
STU2437,ECE,69.93,75.42,74.15,2.0,0.0,100.0,Placed,2,4.62,1
STU2438,CIVIL,78.11,67.25,68.66,1.0,1.0,78.77,Placed,5,5.5,1
STU2439,CSE,88.0,76.28,78.4,3.0,2.0,74.9,Placed,2,4.47,1
STU2440,CIVIL,71.08,70.71,73.3,2.0,0.0,64.21,Placed,1,4.46,1
STU2441,AIDS,57.23,48.75,55.59,2.0,0.0,70.05,Placed,1,4.51,1
STU2442,CSE,82.2,67.2,71.46,0.0,2.0,79.62,Placed,1,4.84,1
STU2443,CIVIL,69.65,82.85,71.66,3.0,1.0,77.3,Placed,4,5.83,1
STU2444,EEE,64.1,75.71,76.7,1.0,3.0,71.76,Placed,2,7.16,1
STU2445,IT,69.76,68.76,71.83,1.0,1.0,82.11,Placed,1,4.79,1
STU2446,CSE,74.15,73.8,73.55,4.0,0.0,74.47,Placed,3,5.61,1
STU2447,CIVIL,69.95,66.54,57.6,1.0,0.0,59.07,Placed,2,4.4,1
STU2448,IT,53.94,75.84,62.4,1.0,2.0,69.54,Placed,2,3.27,1
STU2449,AIDS,84.97,74.23,82.91,2.0,1.0,60.43,Placed,2,5.15,1
STU2450,CIVIL,88.75,80.26,79.45,4.0,0.0,86.25,Not Placed,0,0.0,0
STU2451,EEE,82.52,86.59,84.46,2.0,1.0,72.07,Placed,1,6.51,1
STU2452,MECH,64.62,59.31,77.51,1.0,1.0,76.09,Placed,1,2.93,1
STU2453,IT,73.99,86.88,84.61,4.0,2.0,89.72,Placed,3,8.32,1
STU2454,MECH,75.93,56.87,67.23,1.0,0.0,70.04,Not Placed,0,0.0,0
STU2455,CSE,81.99,91.19,76.52,4.0,3.0,90.25,Placed,5,7.97,1
STU2456,AIDS,82.68,71.48,53.53,1.0,1.0,77.04,Placed,3,5.18,1
STU2457,CIVIL,68.66,66.47,65.95,1.0,1.0,91.81,Placed,2,6.07,1
STU2458,CIVIL,76.82,53.67,63.06,2.0,0.0,75.6,Placed,1,4.62,1
STU2459,CSE,80.57,69.71,75.72,2.0,2.0,72.64,Placed,3,5.26,1
STU2460,CIVIL,90.56,68.35,74.39,3.0,3.0,89.88,Placed,2,4.51,1
STU2461,ECE,83.05,69.29,70.76,0.0,1.0,77.14,Placed,1,4.29,1
STU2462,CIVIL,83.89,74.38,61.16,4.0,4.0,73.79,Placed,5,5.25,1
STU2463,CSE,76.84,82.16,68.13,3.0,0.0,74.59,Placed,1,6.08,1
STU2464,CIVIL,90.1,80.62,83.57,1.0,1.0,83.14,Placed,2,6.34,1
STU2465,AIDS,80.1,77.12,88.75,2.0,1.0,92.11,Placed,3,4.79,1
STU2466,CSE,67.39,57.37,62.89,1.0,1.0,58.18,Not Placed,0,0.0,0
STU2467,AIDS,90.03,69.71,78.53,0.0,2.0,83.72,Placed,2,6.55,1
STU2468,EEE,82.98,93.33,89.33,2.0,0.0,86.67,Placed,2,8.21,1
STU2469,IT,71.57,62.85,60.56,3.0,1.0,78.79,Placed,1,5.97,1
STU2470,IT,71.21,86.6,78.17,2.0,1.0,88.71,Placed,5,5.08,1
STU2471,MECH,78.97,71.1,66.6,2.0,0.0,78.97,Placed,2,5.22,1
STU2472,IT,80.63,74.31,81.15,2.0,3.0,78.56,Placed,1,5.17,1
STU2473,IT,77.97,83.79,77.83,1.0,2.0,84.62,Placed,1,8.15,1
STU2474,EEE,79.11,86.32,80.29,2.0,4.0,80.58,Placed,2,6.92,1
STU2475,ECE,93.0,78.74,73.85,3.0,2.0,81.04,Placed,4,5.93,1
STU2476,CIVIL,86.72,73.14,81.61,2.0,1.0,87.0,Placed,1,5.42,1
STU2477,IT,77.91,72.5,89.32,1.0,2.0,73.39,Placed,1,6.27,1
STU2478,IT,85.41,79.82,69.77,0.0,2.0,76.39,Placed,3,6.15,1
STU2479,IT,65.67,76.47,67.03,1.0,2.0,70.23,Placed,3,3.41,1
STU2480,EEE,79.98,74.03,75.76,3.0,1.0,92.17,Placed,3,7.28,1
STU2481,IT,94.09,86.53,89.51,1.0,1.0,55.94,Placed,2,6.87,1
STU2482,CSE,73.82,87.6,72.02,3.0,2.0,81.4,Placed,3,7.68,1
STU2483,MECH,67.52,72.2,46.24,0.0,1.0,75.94,Placed,3,5.65,1
STU2484,CSE,69.48,72.38,80.52,4.0,3.0,61.19,Placed,2,5.74,1
STU2485,ECE,65.1,52.11,67.11,2.0,1.0,77.57,Placed,2,4.85,1
STU2486,ECE,68.15,42.36,44.74,1.0,0.0,80.14,Not Placed,0,0.0,0
STU2487,ECE,72.29,74.42,66.49,4.0,1.0,82.61,Placed,3,4.84,1
STU2488,CIVIL,61.94,64.93,76.95,2.0,1.0,49.81,Placed,2,3.97,1
STU2489,ECE,76.16,67.12,81.73,1.0,0.0,90.95,Placed,2,6.83,1
STU2490,EEE,85.02,78.7,84.81,4.0,1.0,75.12,Placed,5,5.63,1
STU2491,CSE,66.92,67.51,65.64,0.0,0.0,81.6,Not Placed,0,0.0,0
STU2492,ECE,91.19,90.31,84.19,2.0,2.0,90.59,Placed,4,7.37,1
STU2493,CSE,81.11,75.36,73.72,4.0,1.0,72.5,Not Placed,0,0.0,0
STU2494,CSE,86.31,69.37,83.51,3.0,3.0,88.15,Placed,2,5.49,1
STU2495,MECH,69.42,79.14,64.99,0.0,2.0,72.83,Placed,2,4.44,1
STU2496,CIVIL,84.55,73.87,69.0,1.0,0.0,62.95,Placed,2,4.34,1
STU2497,MECH,65.08,72.55,76.25,2.0,0.0,85.29,Placed,1,6.59,1
STU2498,EEE,84.9,71.43,74.36,6.0,0.0,74.74,Placed,2,6.22,1
STU2499,ECE,77.72,66.48,81.5,2.0,0.0,71.51,Placed,1,5.92,1
STU2500,IT,81.53,75.53,69.6,4.0,3.0,76.91,Placed,1,4.25,1
